Date,City,PM2.5,PM10,NO,NO2,NOx,NH3,CO,SO2,O3,Benzene,Toluene,Xylene,AQI,AQI_Bucket,Year,Month,Day
2015-01-04,10.32,0.4530633749811831,0.5716797174881008,0.3162532523850824,0.3001376846649053,0.3453026127218608,0.4578564053142424,0.5875757575757575,0.5576989755713161,0.3411320256257843,0.31543057996485063,0.434942878903275,0.0,0.42876033057851237,2.96,2015.0,1.0,2.56
2015-01-11,10.714285714285714,0.4559471839315283,0.5719714417319208,0.4490562920745054,0.4375866224880903,0.41311213053185114,0.5253497006980667,0.5767625231910947,0.5533121049838376,0.3486707938574677,0.39959111940030845,0.44946142965944946,0.0,0.4403778040141676,2.857142857142857,2015.0,1.0,8.0
2015-01-18,10.714285714285714,0.4559471839315283,0.5719714417319208,0.4534046055542772,0.39991585515239103,0.4421671215063029,0.5043655515486293,0.6076839826839827,0.5195558128688829,0.3743019696485687,0.42301208708439436,0.49237608219220663,0.0,0.4403778040141676,2.857142857142857,2015.0,1.0,15.0
2015-01-25,10.714285714285714,0.4553066447111736,0.5681082889166722,0.36505773167896816,0.32043390794341037,0.323908816089549,0.4564070000547888,0.6697588126159555,0.46850324053971476,0.3852777092608392,0.374735482945375,0.343192875017486,0.0,0.4362287063585764,2.795918367346939,2015.0,1.0,22.0
2015-02-01,10.714285714285714,0.489313593870485,0.5677890686445007,0.3998029393891121,0.36002451440145145,0.38463759442703327,0.46274565446747284,0.6028911564625851,0.41909104067158787,0.4461180549096992,0.3548653204691367,0.3194118469931766,0.0,0.48352167313206273,2.5510204081632653,2015.0,1.1428571428571428,24.571428571428573
2015-02-08,10.714285714285714,0.502943101070023,0.5646148832633008,0.34443716775522004,0.3866258295823819,0.4136685872673399,0.532893710936567,0.5380333951762523,0.3772374197906113,0.4482153471652183,0.3512069151034755,0.3459595567092031,0.0,0.5032551863720695,2.326530612244898,2015.0,2.0,5.0
2015-02-15,10.714285714285714,0.5088508081239419,0.5640019020044684,0.3630930255883793,0.39069941227709787,0.4086664761814769,0.5983481848718009,0.5548082869511441,0.4557742718836944,0.45419586499152864,0.33721889458771204,0.33131790416090273,0.0,0.5244391971664698,2.4693877551020407,2015.0,2.0,12.0
2015-02-22,10.714285714285714,0.5233804495755852,0.5636493888204753,0.4301526334731638,0.4028685191190308,0.43959107179416795,0.5903349568642766,0.6909400123685838,0.48466573390585554,0.4341745416216814,0.4359599727412934,0.5257938666708115,0.0,0.5311856974194636,2.510204081632653,2015.0,2.0,19.0
2015-03-01,10.714285714285714,0.4683678077583584,0.5617007742756246,0.2905641007487123,0.3282438863983803,0.3332568392807459,0.5355924155302652,0.5629251700680272,0.37561312941252156,0.46187874793269795,0.26437358774792874,0.3625907331706483,0.0,0.47603305785123967,2.306122448979592,2015.0,2.142857142857143,22.0
2015-03-08,10.714285714285714,0.4424420980193974,0.5216016162337805,0.3181761863461776,0.2943702692255409,0.31798202689740873,0.4940216879758028,0.7205473098330241,0.39459802833663016,0.4935470522665179,0.42114701768229257,0.39336618120210765,0.0,0.4493843818519143,2.061224489795918,2015.0,3.0,5.0
2015-03-15,10.714285714285714,0.45756312460254306,0.5370898704944899,0.27656335734640775,0.3417556655379005,0.4055549681012301,0.4599795173800227,0.6518243661100804,0.41490165806275237,0.48137305249026496,0.38865177002259604,0.4998678831776427,0.0,0.47168156518805865,2.0,2015.0,3.0,12.0
2015-03-22,10.714285714285714,0.4571960050014285,0.5295417798625669,0.3922037158315191,0.39216663110002686,0.4630949943641881,0.5129716235637228,0.6350494743351887,0.4386388124989949,0.5509867113082602,0.4204296832968688,0.5554346643455554,0.0,0.49094282341035583,2.0816326530612246,2015.0,3.0,19.0
2015-03-29,10.714285714285714,0.5909243119195593,0.560655768525743,0.4461711831306677,0.44900996903803764,0.4871778719204582,0.5304844041285542,0.6518243661100804,0.46582557372830935,0.49407002745619744,0.4435995839460565,0.5690970980928548,0.0,0.6069826277618485,2.5510204081632653,2015.0,3.0,26.0
2015-04-05,10.714285714285714,0.4836685539788699,0.5079417303540487,0.3271029140190334,0.31307958750798354,0.38669843419674116,0.5354055713288274,0.6351267779839208,0.4433991090526045,0.4525015871218708,0.2949678992862523,0.3709374077125138,0.0,0.530713442401754,2.163265306122449,2015.0,3.7142857142857144,10.857142857142858
2015-04-12,10.714285714285714,0.4746364901522855,0.5426736793289403,0.289797098371005,0.3198233261972225,0.40375360815696576,0.5176834690646409,0.6869202226345085,0.429761502709831,0.44037745869102546,0.3052975144363545,0.33697561278890836,0.0,0.5132062742452352,2.122448979591837,2015.0,4.0,9.0
2015-04-19,10.714285714285714,0.4870709385666053,0.5606667356025783,0.35154668979473835,0.3693594283618259,0.40844674326571107,0.5191346725239279,0.6523654916512059,0.45502645502645506,0.5198548609061219,0.2551558408952333,0.26504188880426505,0.0,0.5679878562995446,2.204081632653061,2015.0,4.0,16.0
2015-04-26,10.714285714285714,0.46855981591793716,0.5719044642269622,0.3910650123015381,0.38282184454922896,0.37290775642193813,0.4950078881969252,0.6708410636982066,0.5646901786719417,0.5207215440168538,0.3162727305333381,0.3376750547896234,0.0,0.4997470062405127,2.142857142857143,2015.0,4.0,23.0
2015-05-03,10.714285714285714,0.4927973899178819,0.5643501066939904,0.341622859030863,0.37117066898951,0.3679956383391191,0.4816197284999219,0.6876932591218305,0.513131020729805,0.4924984061387583,0.38761163516373154,0.2919781774095777,0.0,0.49849890369370886,2.1020408163265305,2015.0,4.428571428571429,17.142857142857142
2015-05-10,10.714285714285714,0.42312607716577516,0.5719714417319208,0.3220760984359051,0.3821535461205656,0.376223248642418,0.5134914157030609,0.7111935683364256,0.5258519483443496,0.529422071979178,0.37441268247193427,0.2911233038531483,0.0,0.5000843312531623,2.142857142857143,2015.0,5.0,7.0
2015-05-17,10.714285714285714,0.46310371205534745,0.5719714417319208,0.3106949631543858,0.3797886809991366,0.39632468575568247,0.564178173506616,0.6392238713667285,0.4721056271208247,0.4478568126279638,0.40845019906029195,0.3126661174751698,0.0,0.5461966604823747,2.3877551020408165,2015.0,5.0,14.0
2015-05-24,10.714285714285714,0.4228142559146193,0.5719714417319208,0.327574915482238,0.3551223935411995,0.38211629045841683,0.5848504473724506,0.7174551638837353,0.5297438124185845,0.470065735824744,0.3609267960259675,0.23998632202309714,0.0,0.5089222465845842,1.8979591836734695,2015.0,5.0,21.0
2015-05-31,10.714285714285714,0.4808053283032315,0.5719714417319208,0.33573464077738635,0.34350083575275087,0.37025671254059994,0.542688280654039,0.7094155844155845,0.4637509850275808,0.5414464577192082,0.3892973709694774,0.2919470910984348,0.0,0.5322314049586776,2.2653061224489797,2015.0,5.0,28.0
2015-06-07,12.0,0.4577549407539623,0.5483401329209713,0.25977264279519263,0.3233788826809703,0.3900630475980492,0.5642633421510683,0.6520562770562771,0.40834318360914107,0.48511256097445915,0.2249874466482551,0.1631895332390382,0.0,0.5268890200708383,2.1785714285714284,2015.0,6.0,4.0
2015-06-14,12.0,0.3749260768585621,0.5573273096663816,0.2766850452236402,0.3063530309232315,0.34500514460000736,0.5767278171680318,0.5843479437229437,0.31422379826635144,0.40921056355968183,0.28285839819231734,0.21760417800021759,0.0,0.44583825265643445,2.107142857142857,2015.0,6.0,11.0
2015-06-21,12.0,0.3784300337627147,0.5522879378605426,0.2788894395572626,0.3042379233537646,0.3413468352835567,0.5499636145502462,0.6139745670995671,0.30495750309580094,0.4181975147895497,0.2862478031634446,0.25463768904362966,0.0,0.44899645808736716,2.2142857142857144,2015.0,6.0,18.0
2015-06-28,12.0,0.3749543020580202,0.5454489372902548,0.2907632263660017,0.2563725672608194,0.3378853856612648,0.5592074855687438,0.6049783549783551,0.34631458966565354,0.362582203477785,0.16014938488576447,0.24111902948536615,0.0,0.46835891381345923,1.8928571428571428,2015.0,6.0,25.0
2015-07-05,12.0,0.34606110621276953,0.5438545984953171,0.25921509106678225,0.2554954255731988,0.3345039923145975,0.5448696515847338,0.5947646103896105,0.3372664077451311,0.3178432260560257,0.12716545317599798,0.18213469698618212,0.0,0.48016528925619834,1.9642857142857142,2015.0,6.714285714285714,10.571428571428571
2015-07-12,12.0,0.33031144491516307,0.497839485863438,0.3139584107710734,0.23953144685850375,0.3379391939776682,0.5930607046976565,0.6617288961038962,0.35256951480355736,0.296215573608084,0.1983429575696711,0.22123544772059622,0.0,0.47355371900826443,2.1607142857142856,2015.0,7.0,9.0
2015-07-19,12.0,0.34444151738672285,0.536388075497357,0.2870049147152356,0.24804503723865165,0.33240612417384546,0.5547342878777448,0.611810064935065,0.3355426094787797,0.31429326238123545,0.20436856640723072,0.20753998476770752,0.0,0.4453069657615112,1.8392857142857142,2015.0,7.0,16.0
2015-07-26,12.0,0.3036238467989935,0.4919775832949486,0.2536395737826787,0.2511070591299818,0.33291533458273614,0.5534866111378811,0.5131222943722944,0.34668749296408874,0.28025135158085424,0.2273725834797891,0.2125040800783375,0.0,0.35867768595041316,1.8035714285714286,2015.0,7.0,23.0
2015-08-02,12.0,0.2924265069568396,0.48855037178390476,0.2921880807830504,0.23846824481290302,0.34354313327138813,0.5351734209206501,0.5817775974025974,0.3598376111673984,0.2583194165322162,0.2322056239015817,0.16808562724404305,0.0,0.38606847697756785,1.6785714285714286,2015.0,7.285714285714286,21.142857142857142
2015-08-09,12.0,0.3329699898926904,0.5383395297317454,0.29977181679263204,0.273102051448347,0.3616725987054506,0.5812981246742518,0.5691964285714286,0.3357185072610604,0.26545000801985147,0.31593648004017066,0.2681155478185181,0.0,0.3992325855962219,2.0714285714285716,2015.0,8.0,6.0
2015-08-16,12.0,0.3274996774262919,0.5222412318220703,0.3306178499153347,0.28600135026659795,0.4127622827325175,0.594036719802535,0.5349025974025975,0.33969379714060566,0.2889375583798013,0.2707757971378358,0.31136437819606133,0.0,0.419952774498229,2.107142857142857,2015.0,8.0,13.0
2015-08-23,12.0,0.3506765983527235,0.5449739257748241,0.35687956882666333,0.2824688614700895,0.4287276039287945,0.5977736038312893,0.525974025974026,0.38391449960598895,0.2614613112928944,0.16250313833793623,0.2820558154716571,0.0,0.47195985832349463,2.375,2015.0,8.0,20.0
2015-08-30,12.0,0.3432789079804735,0.5558806836875699,0.38975447073885927,0.2858312379393018,0.4503165503882073,0.5701870408795443,0.5196834415584416,0.330758189800743,0.38463207751894096,0.1722633693196083,0.20471113045370468,0.0,0.46552538370720187,2.5357142857142856,2015.0,8.0,27.0
2015-09-06,12.0,0.3960170211393303,0.5584192192538001,0.3161163424606616,0.24752406823630732,0.3880111133859342,0.542199746285242,0.5136634199134199,0.33294635821231566,0.38089341145612193,0.1405347727843334,0.2031198999020781,0.0,0.49265053128689484,2.8392857142857144,2015.0,8.857142857142858,7.428571428571429
2015-09-13,12.0,0.3578659598718307,0.5094416249917747,0.30999359848015523,0.30737436938828677,0.42681609629851275,0.5987188879819841,0.5394345238095238,0.33779410109197344,0.33983884816062343,0.1713846346974642,0.28363344576215865,0.0,0.4445100354191263,2.25,2015.0,9.0,10.0
2015-09-20,12.0,0.3764462054579471,0.5170781376806827,0.33222339239251636,0.312089670460526,0.38529641820348465,0.5735588411725948,0.49107142857142866,0.29865332657885846,0.406990951720494,0.18870826010544817,0.29645849200304647,0.0,0.43305785123966933,1.9107142857142858,2015.0,9.0,17.0
2015-09-27,12.0,0.3683428850992451,0.5355429251387336,0.34714306364349723,0.27795822679162835,0.42322406307909555,0.5536648506721472,0.5348349567099567,0.26423364854215914,0.3264221083717814,0.1946711021842832,0.2662931128277663,0.0,0.44793388429752057,2.2142857142857144,2015.0,9.0,24.0
2015-10-04,12.0,0.4499069912475,0.5496815435063939,0.41501466154545075,0.36053447166832353,0.5247400139639142,0.5522893331628789,0.5758252164502166,0.31523696949228863,0.36833762631266104,0.25382877228219936,0.3677374605592427,0.0,0.5258264462809917,2.3035714285714284,2015.0,9.571428571428571,13.857142857142858
2015-10-11,12.0,0.5430810627728435,0.5602301578162358,0.4280809895510676,0.35870377064605474,0.5004193111485582,0.5404333310387553,0.6094426406926408,0.4135286502307779,0.39808655778538876,0.410306301782576,0.40285333478402785,0.0,0.5836481700118064,2.6785714285714284,2015.0,10.0,8.0
2015-10-18,12.0,0.596309756779424,0.5700491187953763,0.4350916862842275,0.3737832981590657,0.5328361969856843,0.5445082555635318,0.6014610389610391,0.37274147247551503,0.4549614575372451,0.3458762239517951,0.45520073985420517,0.0,0.601151121605667,2.357142857142857,2015.0,10.0,15.0
2015-10-25,12.0,0.6748819917851229,0.5758678384988266,0.4587205220336183,0.3750996751917751,0.5460828858056286,0.5593107415748014,0.5952380952380952,0.37848981200045034,0.4878157226829706,0.33671227717800656,0.3824121423131324,0.0,0.6349763872491145,2.8392857142857144,2015.0,10.0,22.0
2015-11-01,12.0,0.6287109417001784,0.5611325426070936,0.4564541775079503,0.3492645299849557,0.5101303998614107,0.5885149819547836,0.5771103896103896,0.38489249127547,0.49796673176899053,0.29763996987195585,0.3698047002502448,0.0,0.6332644628099173,2.6964285714285716,2015.0,10.142857142857142,24.571428571428573
2015-11-08,12.0,0.668645566762005,0.561994486302121,0.5171447156486185,0.4185753358389462,0.55776388385803,0.6089363156290257,0.6387310606060607,0.43671197793538225,0.48833347486012435,0.39295129299522974,0.518061146774018,0.0,0.638164108618654,3.1607142857142856,2015.0,11.0,5.0
2015-11-15,12.0,0.6177138663684651,0.5805686018073742,0.4267490604220873,0.37926742721053,0.5292316959856371,0.5723849187227723,0.4749729437229438,0.3815996847911741,0.5467498372441904,0.2519771528998243,0.321020563594821,0.0,0.5920602125147579,3.142857142857143,2015.0,11.0,12.0
2015-11-22,12.0,0.561793025956431,0.504199019543331,0.43130756205344234,0.3521232144850647,0.506874996719005,0.5377412994522514,0.5732548701298701,0.3590073736350332,0.5035263758762867,0.27165453175997994,0.3163556740289413,0.0,0.5721074380165289,3.392857142857143,2015.0,11.0,19.0
2015-11-29,12.0,0.580692815426969,0.5422570764598573,0.4390560610737893,0.37880122888136103,0.5107410653059012,0.5906406889334062,0.5583590138674884,0.32847163788382683,0.46152718121969866,0.2293348425724584,0.2849987736713698,0.0,0.5801652892561984,3.1864406779661016,2015.0,11.0,26.10169491525424
2015-12-06,12.0,0.5389943824386094,0.5391536828662578,0.44397637632676656,0.4212973545761103,0.49669829837396806,0.5526632947297915,0.5526094276094277,0.3473613769122043,0.4257157324325939,0.22919630652495326,0.2854120576892854,0.0,0.5378459923914469,3.1904761904761907,2015.0,11.857142857142858,7.285714285714286
2015-12-13,12.0,0.5836063262677744,0.5390098923033055,0.5059908130159648,0.4126854180067443,0.5148268888760565,0.5861947266228947,0.5547739297739298,0.32835503521082715,0.409829088053776,0.2713197757134488,0.3171701785563172,0.0,0.555817919454283,3.111111111111111,2015.0,12.0,10.0
2015-12-20,12.0,0.5515628098798352,0.4848270491983067,0.47332241174392087,0.3567544930623114,0.5081289929707965,0.5595699742460944,0.5207431457431458,0.30771636208988457,0.3774582417340491,0.264987307166569,0.3295131710973295,0.0,0.5321002230093139,2.9523809523809526,2015.0,12.0,17.0
2015-12-27,12.0,0.6059344004549484,0.5293957262520137,0.47869601729098693,0.42750763585802476,0.5346021013532865,0.5819224410812487,0.5683020683020683,0.3374485596707819,0.46390385403660617,0.21142633972159455,0.24398264002224399,0.0,0.5641348550439459,2.9047619047619047,2015.0,12.0,24.0
2016-01-03,12.0,0.6258288352221816,0.553477903777305,0.4889063267207239,0.4649695599347667,0.5527709387261808,0.5646901609591771,0.5628306878306879,0.3844421929528313,0.4977769810343617,0.24905849861913132,0.2930886495242931,0.0,0.6006559097468188,3.0317460317460316,2015.4285714285713,7.285714285714286,17.714285714285715
2016-01-10,12.0,0.6372969279035815,0.5533926042908079,0.5127456784004919,0.45160156621474684,0.5059101654846335,0.5530260565711793,0.5124458874458875,0.3878131762292519,0.4823526575062141,0.2910703824587832,0.3192978638523193,0.0,0.5967204512659058,2.857142857142857,2016.0,1.0,7.0
2016-01-17,12.0,0.6224537584615862,0.5936871677889642,0.44109454517086777,0.41149108770885284,0.46493710114038633,0.5377878739205922,0.49464886964886967,0.3651356523696949,0.4646251164975159,0.21379752838452312,0.24215718275124215,0.0,0.6092089728453365,2.9523809523809526,2016.0,1.0,14.0
2016-01-24,12.0,0.6263712369387516,0.574894167708539,0.45994117026207226,0.38018037813371425,0.4747258400659349,0.5655522666605477,0.48310485810485815,0.36789372959585726,0.42513704510930583,0.31573074455324013,0.3028808375343029,0.0,0.6054046963137872,2.9047619047619047,2016.0,1.0,21.0
2016-01-31,12.0,0.6268228401300808,0.567253466205562,0.4218073853806724,0.39227961741265066,0.4299958178251641,0.5451643955808614,0.5015632515632517,0.3669055749434,0.4283135353077893,0.3436828744385862,0.3137973137973138,0.0,0.595854650400105,2.9365079365079363,2016.0,1.0,28.0
2016-02-07,12.0,0.6320676496801741,0.6100744177091483,0.37469311710421854,0.4066470210555352,0.4125000947842971,0.4620362084394574,0.45713083213083217,0.3586688681251329,0.4478127820707571,0.3444639718804921,0.3407802318693408,0.0,0.5865932047750229,2.9365079365079363,2016.0,2.0,4.0
2016-02-14,12.0,0.6274739611334523,0.6098791428132746,0.3801814452291469,0.3970935600080095,0.397024298027495,0.4706714699830965,0.4724025974025975,0.36073898958059714,0.5009230691814405,0.3315479677518342,0.340985746926341,0.0,0.5844155844155844,2.9682539682539684,2016.0,2.0,11.0
2016-02-21,12.0,0.6068029600319228,0.5803646065622114,0.3868582992607277,0.3649228381115405,0.395228937616767,0.5185811641377139,0.4291726791726792,0.33263912341926527,0.49715950488686766,0.2764248054230479,0.26402640264026406,0.0,0.5517512790240062,2.9047619047619047,2016.0,2.0,18.0
2016-02-28,12.0,0.6195936049165012,0.567408833127396,0.3897630749321989,0.3941981064371568,0.3810194590703906,0.4889964062539266,0.4207551707551708,0.3401378413198744,0.5192366359396278,0.2418891399559238,0.24127467691824128,0.0,0.5834186016004198,3.2698412698412698,2016.0,2.0,25.0
2016-03-06,12.0,0.6020348427393437,0.5770613839476115,0.3905569551710054,0.3529263750303456,0.3853836197568972,0.5299360468356131,0.4370490620490621,0.3166848036824396,0.5373300499117816,0.2515970653053254,0.24556631487324557,0.0,0.6123048668503214,3.3015873015873014,2016.0,2.857142857142857,7.142857142857143
2016-03-13,12.0,0.5084932462623264,0.5773934426629038,0.35181284617537867,0.38846390340455017,0.37023621413435104,0.4759522771500467,0.3677849927849928,0.29695923549351444,0.5056207102967555,0.2218874661756911,0.23327167881623329,0.0,0.48046700773973494,2.2857142857142856,2016.0,3.0,10.0
2016-03-20,12.0,0.528127232628211,0.5835621187417596,0.352707682282704,0.3821390325688321,0.33842952043811925,0.5149666575976205,0.41450216450216454,0.3284488473613769,0.5079511847889101,0.23140011716461628,0.25997654710525997,0.0,0.4669027941755214,2.3333333333333335,2016.0,3.0,17.0
2016-03-27,12.0,0.5233507523135702,0.5938739127361882,0.3043268767466512,0.3971733001614296,0.31998595442537675,0.5734794870197911,0.39911014911014914,0.3387431673483683,0.5730650404714205,0.2347755739671381,0.25908195215125907,0.0,0.4849796667978486,2.3492063492063493,2016.0,3.0,24.0
2016-04-03,12.0,0.535846301991116,0.5877631184517412,0.2932630313376194,0.38458026259909195,0.31808210244986784,0.549840963897548,0.41714766714766716,0.39546199357074063,0.5251220537529235,0.2383463051301364,0.24232643044524232,0.0,0.5034238488783943,2.4761904761904763,2016.0,3.4285714285714284,17.714285714285715
2016-04-10,12.0,0.5091085257425766,0.6068802565808554,0.33239719709797766,0.454616334681828,0.3512729385290293,0.5705457052603743,0.39694564694564693,0.3817153864435189,0.4896868903209303,0.2825619996094513,0.25893688269925896,0.0,0.4802046438410074,2.4126984126984126,2016.0,4.0,7.0
2016-04-17,12.0,0.5238740385511422,0.604161944730807,0.3414511029428635,0.41312310284884995,0.33775582281810923,0.5707784410200599,0.392917267917268,0.34681101229564587,0.6009489633424645,0.230395849025023,0.23686214775323688,0.0,0.5226813590449954,2.1904761904761907,2016.0,4.0,14.0
2016-04-24,12.0,0.528691139258654,0.588426017318233,0.3522671475837131,0.4100404075844109,0.3725810318247756,0.5610942295736127,0.4072270322270322,0.36602374072823246,0.568738514052562,0.287806511005105,0.2583324266492583,0.0,0.5357470812016266,2.3174603174603177,2016.0,4.0,21.0
2016-05-01,12.0,0.5744978005251978,0.5145332046529651,0.36725909405874707,0.46031864165306663,0.38269641202063204,0.593140741760553,0.4622414622414623,0.3992144795927302,0.5900534971270062,0.3285072669958434,0.30498434458830503,0.0,0.5373737373737373,2.7936507936507935,2016.0,4.142857142857143,23.714285714285715
2016-05-08,12.0,0.5202468764112599,0.4871630365642342,0.25168298021723867,0.42014791503125526,0.34831566845677747,0.5978216807018347,0.35810485810485815,0.3252842508161657,0.5734434935940781,0.25221078472396574,0.2681850602642682,0.0,0.5070444706808342,2.4603174603174605,2016.0,5.0,5.0
2016-05-15,12.0,0.4436165052603408,0.5089783802358653,0.2937173327459537,0.37758143980002357,0.37601018187502583,0.6145906746168327,0.38053150553150555,0.338493001613569,0.5498315831186843,0.255781515886964,0.30134551916730135,0.0,0.435655253837072,2.253968253968254,2016.0,5.0,12.0
2016-05-22,12.0,0.42160981006382175,0.48473748473748474,0.26986421435684227,0.3461207006028947,0.3577235203296277,0.5894573978830878,0.3553992303992304,0.337048294495103,0.48166913552291,0.21014310820989204,0.2723920743722724,0.0,0.3959071231798504,2.253968253968254,2016.0,5.0,19.0
2016-05-29,12.0,0.46787763226119383,0.47325008103451216,0.23474074991854696,0.3258454375932886,0.29859678410003615,0.5752965741951767,0.335978835978836,0.2773587501719889,0.4869821560925187,0.18015454570814854,0.20553923524220555,0.0,0.45509641873278234,2.3492063492063493,2016.0,5.0,26.0
2016-06-05,12.0,0.44681237440532934,0.49406711607310416,0.2924507954863549,0.3236044439482835,0.3169470240355479,0.5650944437342178,0.3656806156806157,0.27733998774187896,0.4711332521913065,0.2581527045498926,0.2570872471862571,0.0,0.4370720188902007,2.3015873015873014,2016.0,5.714285714285714,10.857142857142858
2016-06-12,12.0,0.4360336336852971,0.4973980610208156,0.24595144022724247,0.3085128815787842,0.29916490659517886,0.4910866574665017,0.3567219817219817,0.29426369970105193,0.4944652541244576,0.19493960442993835,0.2371039301732371,0.0,0.39086973632428174,2.0634920634920637,2016.0,6.0,9.0
2016-06-19,12.0,0.4530093737530136,0.4982833478342461,0.24991166361504608,0.29817146968190766,0.2862083306356264,0.5653053263709281,0.43728956228956234,0.24871477353746857,0.40929652798089494,0.21293274193098446,0.26136679602026136,0.0,0.42809917355371896,2.1904761904761907,2016.0,6.0,16.0
2016-06-26,12.0,0.37788076242087976,0.4911876491217809,0.24282639720627575,0.3078725976802113,0.3252302966777666,0.5834543450018083,0.3958633958633959,0.25674509362452624,0.3923856489737211,0.20498228582587105,0.2605930922762606,0.0,0.38184441820805454,2.126984126984127,2016.0,6.0,23.0
2016-07-03,12.590909090909092,0.36958589355849625,0.45308915967598606,0.2895871113564088,0.31224536512371887,0.38599978397134166,0.5726296488669999,0.5346648301193756,0.21033025288344434,0.3635142789095633,0.19521222772540875,0.2685037734542685,0.0,0.40806411219634353,1.7121212121212122,2016.0,6.454545454545454,16.454545454545453
2016-07-10,13.3,0.3630556332121889,0.46405101884143807,0.2964275389253706,0.2913173604946016,0.3379482495235995,0.583145669639784,0.4560064935064935,0.235973207249803,0.33900006604583577,0.20672859653527492,0.24958111195734958,0.0,0.3785596221959858,1.5714285714285714,2016.0,7.0,7.0
2016-07-17,13.3,0.34855271929635917,0.43130387576495366,0.31901457894519475,0.3090834666765899,0.3533117050149351,0.5366647326652833,0.43262987012987014,0.27876280535855,0.36253785841659825,0.2278684408737133,0.2531715808943532,0.0,0.35376623376623373,1.9857142857142858,2016.0,7.0,14.0
2016-07-24,13.3,0.30490204511730923,0.4868417012129588,0.3031429397431132,0.34622111412942363,0.3812883548304119,0.5317517135580051,0.4245670995670996,0.29716874929640885,0.38342249521167693,0.23479789103690685,0.29073006201719076,0.0,0.36850059031877214,2.242857142857143,2016.0,7.0,21.0
2016-07-31,13.3,0.26785875572568324,0.4701424074927069,0.3690662041052327,0.31184566559106064,0.43343360053755814,0.5366303139965973,0.4575216450216451,0.3208431836091411,0.35107796239161404,0.29640974140095405,0.32923512131432925,0.0,0.3651239669421487,2.1857142857142855,2016.0,7.0,28.0
2016-08-07,13.3,0.2748682824025289,0.44198800201794214,0.3542064180398959,0.29059013029541075,0.40924033156422085,0.5013138097532672,0.43463203463203465,0.3417088821344141,0.3346099049883476,0.2507908611599297,0.2973017081927973,0.0,0.3724203069657615,2.2,2016.0,8.0,4.0
2016-08-14,13.3,0.3022440377626287,0.44734514487508503,0.3332589931028786,0.30233426009111647,0.3577082381844811,0.5300356970763798,0.42619047619047623,0.34808623212878537,0.3485625595591912,0.29465227215666584,0.3233054074638233,0.0,0.397780401416765,2.1285714285714286,2016.0,8.0,11.0
2016-08-21,13.3,0.3309176146749532,0.49452962207453227,0.29596084747862716,0.29501943001738334,0.3053141618239182,0.5143614353568231,0.42050865800865805,0.34501294607677585,0.39946125468217797,0.2845342706502636,0.32618866282232617,0.0,0.3954663518299881,1.9285714285714286,2016.0,8.0,18.0
2016-08-28,13.3,0.29784198189286243,0.4672994670000658,0.2853591046132243,0.28850838069012447,0.2871238011244625,0.5118115037024652,0.3490259740259741,0.3369469773725093,0.37461952881013705,0.3012553351744916,0.3702643890762703,0.0,0.32703659976387245,2.0285714285714285,2016.0,8.0,25.0
2016-09-04,13.3,0.2904367648007569,0.4287581430545503,0.32865402882748934,0.352834762454083,0.3399210461386627,0.5233555251797145,0.3887987012987013,0.3342958459979737,0.36106881032579463,0.28024102435350234,0.3535959090414536,0.0,0.3705548996458087,2.1857142857142855,2016.0,8.571428571428571,14.285714285714286
2016-09-11,13.3,0.340643211973936,0.5129211357504772,0.39503985462354935,0.4420358192769163,0.40054858234772245,0.520777075199874,0.41758658008658006,0.37409096026117306,0.3798937605555398,0.2476274165202109,0.2950712653682951,0.0,0.4320188902007083,2.3,2016.0,9.0,8.0
2016-09-18,13.3,0.31872862949183883,0.45487513983022965,0.36805022095568496,0.3877838084960476,0.3662262259109354,0.49083283344314516,0.4149891774891775,0.3399076888438591,0.3829205468595205,0.2524730102937484,0.31623327167881626,0.0,0.3961747343565525,2.2285714285714286,2016.0,9.0,15.0
2016-09-25,13.3,0.309563235199243,0.4197056436577395,0.3405112955850163,0.3961294129529906,0.3648839052763647,0.5008850514804942,0.3747835497835498,0.3216706067769897,0.3830205591251757,0.22088877730354003,0.25086497660755086,0.0,0.4033057851239669,1.957142857142857,2016.0,9.0,22.0
2016-10-02,13.3,0.3905711705124621,0.5293289794038297,0.4340932556890926,0.4292566622898183,0.41033382154537484,0.5207416731406542,0.3547619047619048,0.3437858831475853,0.39131119854321755,0.2204870700477027,0.2894026765313894,0.0,0.3885242030696576,2.1285714285714286,2016.0,9.285714285714286,20.428571428571427
2016-10-09,13.3,0.4634308939592697,0.5148351648351649,0.4587453021104365,0.46057381014401083,0.40370621184202926,0.5202057252996881,0.34940476190476194,0.35591579421366654,0.4021974393085944,0.262239517951293,0.32350125122402346,0.0,0.4557260920897284,2.5,2016.0,10.0,6.0
2016-10-16,13.3,0.5400120427517687,0.5552178609813341,0.41207615743608805,0.5085066795668516,0.3828443338530429,0.4956425965443655,0.36764069264069266,0.3961949791737026,0.46944719635426985,0.18902837057494348,0.24041997606354043,0.0,0.5427626918536009,2.7142857142857144,2016.0,10.0,13.0
2016-10-23,13.3,0.6309896561364272,0.6140729529951087,0.5003386610498493,0.6148991818660261,0.42930847126635907,0.5458181317546636,0.4101731601731602,0.5205730046155579,0.4936114806532877,0.32412754205372835,0.35190947666195194,0.0,0.5900118063754427,2.4571428571428573,2016.0,10.0,20.0
2016-10-30,13.3,0.691218468420034,0.5850576319887697,0.4638376078965845,0.5501342292582572,0.41103516701576454,0.5927740463570296,0.4691017316017316,0.5698074974670719,0.5232670044439413,0.3661059502887271,0.41535197475791535,0.0,0.6553955135773317,2.842857142857143,2016.0,10.0,27.0
2016-11-06,13.3,0.6674684415388916,0.5401718540940098,0.4417874695411556,0.4612755234941072,0.36737588652482267,0.5325630107484584,0.43262987012987014,0.4762017336485422,0.46230292394350253,0.34017072558373085,0.385997171145686,0.0,0.6136245572609209,3.2285714285714286,2016.0,10.857142857142858,7.428571428571429
2016-11-13,13.3,0.6534235822885529,0.5850154087429538,0.45544542188080783,0.5447097724216022,0.3812936044222561,0.5650345661772658,0.37754329004329007,0.4658110998536531,0.5439006670629417,0.3518955561134823,0.40901969317810905,0.0,0.6054781582054309,3.0428571428571427,2016.0,11.0,10.0
2016-11-20,13.3,0.6270241500182792,0.574133875106929,0.420290752901334,0.5482284395915179,0.378662508989926,0.5479727404144007,0.35595238095238096,0.41142069120792524,0.5674997877098135,0.3160933969369822,0.3584049613752584,0.0,0.5786776859504131,2.842857142857143,2016.0,11.0,17.0
2016-11-27,13.3,0.6674157544999032,0.6013442894430918,0.47616982612646097,0.5999946839897721,0.4136205909990498,0.5377012262879957,0.3992424242424243,0.45472813238770693,0.533305027975129,0.39851870449409993,0.42122728756392125,0.0,0.6245336481700118,3.0428571428571427,2016.0,11.0,24.0
2016-12-04,13.3,0.6237994881830499,0.5796758132087474,0.46607607483583197,0.5316015544013908,0.389290307678578,0.5478035972425729,0.39053030303030306,0.4455026455026455,0.4179625803164539,0.42312327391413507,0.4212599281906213,0.0,0.58271546635183,3.242857142857143,2016.0,11.571428571428571,13.857142857142858
2016-12-11,13.3,0.6369260876110191,0.5819139194139195,0.4439474662371453,0.5344961219705388,0.3747825356578526,0.5396031035805248,0.38257575757575757,0.4857142857142857,0.43196241048430467,0.4236505146874216,0.39702970297029705,0.0,0.6117119244391971,3.2142857142857144,2016.0,12.0,8.0
2016-12-18,13.3,0.6285886325025268,0.581908161698581,0.4741254697889563,0.5096809862262176,0.386819324797497,0.5501725850386963,0.410443722943723,0.491742654508612,0.4118580580637248,0.3883755962842079,0.42503536067892506,0.0,0.5864462809917355,3.3857142857142857,2016.0,12.0,15.0
2016-12-25,13.3,0.6266660932022966,0.5910261893794828,0.5167678519803411,0.608257890288181,0.44578379031030335,0.5363215293689582,0.4382575757575758,0.48166722953957,0.45820619509939897,0.42593522470499623,0.46128821673376125,0.0,0.5948524203069657,3.242857142857143,2016.0,12.0,22.0
2017-01-01,13.3,0.6380895034515386,0.5748697659625803,0.4584975013422541,0.520483119009521,0.38742407777795274,0.5253272232001494,0.4145021645021645,0.3986378475740178,0.45361789653448065,0.39718804920913886,0.40962898487650967,0.0,0.5994569067296339,3.3857142857142857,2016.142857142857,10.428571428571429,24.571428571428573
2017-01-08,13.3,0.6419023246811897,0.5954335833826853,0.4532193449799694,0.4872362594425632,0.38282806011832576,0.5221577555094453,0.42288961038961037,0.3932849262636497,0.432378499249908,0.3870700477027366,0.3764225873136764,0.0,0.5942621015348288,3.3142857142857145,2017.0,1.0,5.0
2017-01-15,13.3,0.6734317541558246,0.6042047772586695,0.43073142526741837,0.4991132894939691,0.39151665957971765,0.5141372223150978,0.3872835497835498,0.3745243723967128,0.49355958749657974,0.3534772784333417,0.36026547709716034,0.0,0.6467060212514758,3.3142857142857145,2017.0,1.0,12.0
2017-01-22,13.3,0.650766650179566,0.5962270513917222,0.44407549663403956,0.561979363248295,0.36903685738433833,0.4873988336988267,0.3176406926406926,0.3551784307103456,0.4786322850915678,0.21995982927441626,0.26895876400826896,0.0,0.5928453364817,3.3142857142857145,2017.0,1.0,19.0
2017-01-29,13.3,0.5809423453259069,0.590136211094295,0.44664436459753026,0.508382816528539,0.3792830107459145,0.5044567258995564,0.3711580086580087,0.3450523471800067,0.4805504448658798,0.27830780818478534,0.3162876727233163,0.0,0.5548288075560802,2.7714285714285714,2017.0,1.0,26.0
2017-02-05,13.3,0.6492613062084687,0.6003926213507053,0.5409945070829719,0.5334765112088077,0.42321841976786306,0.5111791835891786,0.40887445887445895,0.36986941348643476,0.5057912762886014,0.35385387898568915,0.38120987922968125,0.0,0.6366706021251475,3.3142857142857145,2017.0,1.7142857142857142,10.857142857142858
2017-02-12,13.3,0.6185705683748737,0.6166595380667237,0.3963697187461281,0.507203725459968,0.37264700169561815,0.5012331717294889,0.3014069264069264,0.35279747832939323,0.5332503042826007,0.19651016821491338,0.19327603089979328,0.0,0.6053600944510035,2.9857142857142858,2017.0,2.0,9.0
2017-02-19,13.3,0.579199372056515,0.6191449518545328,0.4153884277041259,0.5096735438118983,0.36164910678194767,0.5208203443833649,0.3049242424242425,0.41753911966677926,0.5199628256295584,0.22337434094903338,0.2643890762702644,0.0,0.5482880755608028,3.357142857142857,2017.0,2.0,16.0
2017-02-26,13.3,0.5154663340573321,0.6066474194468207,0.384913063230496,0.46659738133336176,0.3293273697969983,0.5360147115223868,0.2508116883116883,0.441027805921423,0.5055487937199845,0.22068792367562137,0.2311935589163312,0.0,0.48500590318772135,2.742857142857143,2017.0,2.0,23.0
2017-03-05,12.363636363636363,0.5103555935258479,0.5435789260639561,0.4231010388859478,0.47894304185004893,0.390718053489523,0.4815287968038019,0.27435064935064934,0.42385864726290257,0.4624846786526992,0.23511286604432471,0.25956221995825957,0.0,0.4884190189975313,2.5584415584415585,2017.0,2.7142857142857144,10.0
2017-03-12,12.363636363636363,0.4399748979005339,0.4773310521813516,0.40462110887089203,0.42130154294780503,0.343502269971237,0.4670228924376372,0.2369146005509642,0.372637213062745,0.41090802731381293,0.17321342980393947,0.19075973531419077,0.0,0.41433937962863576,2.6103896103896105,2017.0,3.0,9.0
2017-03-19,12.363636363636363,0.5049881625224091,0.5422429367040146,0.3557630574109325,0.3868537966703412,0.28750296482630294,0.5038714297336172,0.22722353404171586,0.36784767635831467,0.46125897086863993,0.19133590486841803,0.23061097318523063,0.0,0.45808736717827625,2.5064935064935066,2017.0,3.0,16.0
2017-03-26,12.363636363636363,0.543445790999607,0.5889706600784446,0.3286401369662427,0.4114152137446895,0.2728050621336918,0.5069843077690533,0.23519283746556474,0.4077911843869291,0.47297395821271393,0.21644260835824986,0.25195596482725197,0.0,0.5195449178920253,2.935064935064935,2017.0,3.0,23.0
2017-04-02,12.363636363636363,0.5060819806416675,0.5506870873637342,0.3262222021979177,0.3933224145705075,0.2983619841739123,0.4833891928956291,0.2350944510035419,0.3627255329382989,0.4655854019832621,0.23616278273571772,0.25396385792425397,0.0,0.4913813459268005,2.6493506493506493,2017.0,3.2857142857142856,21.142857142857142
2017-04-09,12.363636363636363,0.4679527908490726,0.5438772804042266,0.30628174947342335,0.37411228670113056,0.28281746548751285,0.5171239581647786,0.2531483667847304,0.36914228403590105,0.47966174239207726,0.1983886061214708,0.2147951058842148,0.0,0.46059890522700436,2.5064935064935066,2017.0,4.0,6.0
2017-04-16,12.363636363636363,0.5306816471200032,0.5586952967192489,0.3217655429277285,0.405957121061501,0.2866506220050482,0.5620309338902303,0.2165486029122393,0.44797007562965013,0.5319117181609752,0.20658252116951592,0.21972087318621972,0.0,0.4984651711924438,2.727272727272727,2017.0,4.0,13.0
2017-04-23,12.54320987654321,0.5274102694194017,0.5783478152905964,0.30684669443462925,0.36815831944771776,0.2735439171456271,0.578323717352193,0.1707818930041152,0.4453346175174387,0.5244161670421496,0.16784916140510753,0.20184668039453518,0.0,0.509090909090909,2.580246913580247,2017.0,4.0,20.074074074074073
2017-04-30,12.666666666666666,0.4579874626352121,0.6004145555043758,0.3189333553600682,0.39940115144781546,0.2887835470792146,0.5672721074386937,0.17902236652236653,0.46868550414649707,0.4912245526967144,0.15026362038664326,0.22277227722772278,0.0,0.4636363636363636,2.3214285714285716,2017.0,4.0,27.0
2017-05-07,12.666666666666666,0.4979516569536139,0.5522023718131502,0.3349715717452057,0.413339730265641,0.2941250067807228,0.5564179344209631,0.19408369408369405,0.45215580321963306,0.4883271847805234,0.16442798560549002,0.21856526311971855,0.0,0.4521054702872884,2.761904761904762,2017.0,5.0,4.0
2017-05-14,12.666666666666666,0.500655899873121,0.5598386560212908,0.28699114800589215,0.38742595240753247,0.2670913586468652,0.5523884917083787,0.17839105339105338,0.42377293707080943,0.497253593994232,0.17744162691438614,0.2189098030682189,0.0,0.4738095238095238,2.5952380952380953,2017.0,5.0,11.0
2017-05-21,12.666666666666666,0.4860863207242855,0.5544232048723067,0.3131513374358127,0.3847502272594373,0.25474388116323954,0.5044908167713976,0.16102994227994227,0.41908232954332253,0.4572549778117442,0.19710854464808772,0.19986943749319985,0.0,0.44942935852026755,2.630952380952381,2017.0,5.0,18.0
2017-05-28,12.666666666666666,0.4677184361626631,0.5519727486419104,0.2950549980038271,0.4065852962701101,0.2432100904154702,0.5549043324908953,0.17189754689754688,0.40374404292844013,0.4539542585411418,0.2083856389656038,0.18646864686468648,0.0,0.43600944510035416,2.4166666666666665,2017.0,5.0,25.0
2017-06-04,12.666666666666666,0.39949320086306384,0.5133606413546533,0.29671044480237885,0.3532759027028368,0.2624940285892772,0.5257640124956156,0.1551226551226551,0.38205467372134044,0.4154739103223351,0.19754791195915974,0.19006818264244005,0.0,0.37253049980322706,2.369047619047619,2017.0,5.571428571428571,14.285714285714286
2017-06-11,12.666666666666666,0.3884889572267263,0.49166022350902594,0.30735555280221366,0.3382581738087264,0.22786903318267004,0.5399068073570723,0.14921536796536797,0.33992832751698,0.3285591629162067,0.1314545150221776,0.16038334602691037,0.0,0.37985045257772526,2.619047619047619,2017.0,6.0,8.0
2017-06-18,13.16304347826087,0.38839183449070275,0.4936623408700993,0.3335061653908518,0.3409701672439931,0.2389075553723524,0.5031897127088688,0.1534090909090909,0.30569688559975333,0.36825147957029997,0.12462749293191717,0.1396486638630418,0.0,0.3655407833273446,2.4239130434782608,2017.0,6.0,15.119565217391305
2017-06-25,13.642857142857142,0.3654875317581495,0.4439936845304681,0.3310470762459363,0.2925445994272379,0.23837196657959842,0.48127483939125304,0.17126623376623373,0.29969363631977614,0.3322590775957698,0.107546357734658,0.12104232401262104,0.0,0.3457075392140327,2.4489795918367347,2017.0,6.0,22.0
2017-07-02,13.642857142857142,0.3090371328419972,0.43549811679623485,0.31700798272474645,0.27947366942162566,0.226096920964395,0.47409117154123975,0.16863790970933829,0.2873466171338512,0.2935831752950833,0.10962662745238692,0.11550896062918692,0.0,0.28272895935233594,2.326530612244898,2017.0,6.285714285714286,20.428571428571427
2017-07-09,13.642857142857142,0.36598598494041595,0.42412369139272477,0.3373482957797169,0.2587442672525416,0.2279912736784715,0.43655655970655616,0.1488095238095238,0.28792959264083884,0.2803039186746622,0.09513647286682686,0.11656589520804513,0.0,0.31555068308315054,2.520408163265306,2017.0,7.0,6.0
2017-07-16,13.642857142857142,0.3316411014202459,0.4223617129947327,0.31064186298977525,0.28007551772243894,0.22934116872413168,0.4448093135512619,0.19109461966604824,0.30471526672134575,0.3045575670331536,0.10465908683332734,0.12908590702084335,0.0,0.2852588969472086,2.489795918367347,2017.0,7.0,13.0
2017-07-23,13.642857142857142,0.30327919215254967,0.41975096118594835,0.3490450820397543,0.3030152410013237,0.23500472838236824,0.4557200315246907,0.1541048237476809,0.30617471574918387,0.32734877188442246,0.10412108604425951,0.10240608048245954,0.0,0.28218923933209644,2.2346938775510203,2017.0,7.0,20.0
2017-07-30,13.642857142857142,0.32788926198207713,0.4275802790024347,0.3033966405295856,0.30812506597548406,0.2246435339652342,0.4585831028219092,0.19778138528138528,0.26931860214534986,0.3658481026648821,0.10284781751013235,0.11079938449103935,0.0,0.3039973013998988,2.1020408163265305,2017.0,7.0,27.0
2017-08-06,13.642857142857142,0.2982424341104799,0.44575252947793587,0.30379489176416447,0.32326696167992003,0.22798527414493522,0.4809432962969725,0.23631725417439703,0.30731654363873206,0.347450967706282,0.10119794842365769,0.12461724979405317,0.0,0.2920897284533648,2.2142857142857144,2017.0,7.857142857142857,7.428571428571429
2017-08-13,13.642857142857142,0.29238004098222153,0.4393078051119112,0.2587453021104365,0.32285990718246144,0.23061306983382038,0.44517387047060847,0.23013296227581945,0.30099628503883824,0.335138136887408,0.14811161723037194,0.14198672614514196,0.0,0.29090909090909084,2.438775510204082,2017.0,8.0,10.0
2017-08-20,13.642857142857142,0.3063951005661936,0.45106137802887164,0.250467576449487,0.337702587454064,0.23327986249069133,0.4396149042669314,0.22750463821892394,0.2931120438719223,0.334875301418368,0.12024317635665865,0.11330960411582758,0.0,0.2900657783774666,2.489795918367347,2017.0,8.0,17.0
2017-08-27,13.642857142857142,0.3085363755618158,0.4057366037156456,0.2787168640222784,0.3238213456036975,0.22175025891736916,0.43604379178531727,0.22104978354978355,0.2974702883517473,0.32398447788071044,0.12112191097880276,0.10406919812860405,0.0,0.28466857817507163,2.5510204081632653,2017.0,8.0,24.0
2017-09-03,13.642857142857142,0.283996196702375,0.4035878400185501,0.2894519473010366,0.2984279038895728,0.2299471216112947,0.4462534927924497,0.24238559059987633,0.28236921246039787,0.3433231029681537,0.12418851547648936,0.12676997684069818,0.0,0.2918367346938775,2.5408163265306123,2017.0,8.428571428571429,17.714285714285715
2017-09-10,13.642857142857142,0.2923723606558384,0.4684800336532587,0.2810296711919807,0.3168812942510387,0.2288957033590638,0.457294158800713,0.22595856524427954,0.28062832698091056,0.32723959407420583,0.12322011405616728,0.13717611949578,0.0,0.2869623882610895,2.520408163265306,2017.0,9.0,7.0
2017-09-17,13.642857142857142,0.31902232517273044,0.4898084521694445,0.2769970086907269,0.3225982835362404,0.22941316312656687,0.4611996240638472,0.2139764996907854,0.290144899567392,0.3378675821428234,0.12148057817151466,0.1262492811290548,0.0,0.3131725417439703,2.2142857142857144,2017.0,9.0,14.0
2017-09-24,13.642857142857142,0.3188548940575778,0.4728206459921601,0.2548807901304494,0.31158199148375165,0.234505267215474,0.48915882178575276,0.2296691403834261,0.2983266592689085,0.34171306723600875,0.11418170079982784,0.151856629933009,0.0,0.3175577669084162,2.3877551020408165,2017.0,9.0,21.0
2017-10-01,13.642857142857142,0.4071579105825681,0.4982683769039629,0.294691163542607,0.34087472670011704,0.2549265544603907,0.45919561464015624,0.19468923933209648,0.30948360431643107,0.32842033187358555,0.10440801979842902,0.16416680914559273,0.0,0.3702479338842975,2.2448979591836733,2017.0,9.142857142857142,23.714285714285715
2017-10-08,13.642857142857142,0.36786612883901115,0.459927672128271,0.2769734086175667,0.3368497475274857,0.2799862310705342,0.4810830782371459,0.15963203463203463,0.3000997089142986,0.3278070491124922,0.1372260679315663,0.1827564232090399,0.0,0.35581042334289087,2.0714285714285716,2017.0,10.0,5.0
2017-10-15,13.642857142857142,0.4658763098796646,0.5132582166906375,0.35627555445421877,0.38897702496322467,0.3150763778116251,0.5238668882573335,0.16859925788497218,0.3345073253887843,0.38310560998720866,0.13884007029876977,0.15946500458523089,0.0,0.43184348119413046,2.061224489795918,2017.0,10.0,12.0
2017-10-22,13.642857142857142,0.5855043055909704,0.6175643219056394,0.3963691287442991,0.43607611615330466,0.4042238215978708,0.5359646990895208,0.2308673469387755,0.45447564368537013,0.4088655077644293,0.24670922850686847,0.2430172373595287,0.0,0.5515769944341372,2.693877551020408,2017.0,10.0,19.0
2017-10-29,13.642857142857142,0.6190174097638453,0.6165880562266363,0.5015340047554148,0.5272984719508315,0.4862295706508819,0.5580277681389895,0.3022186147186147,0.44337900644891526,0.46464189004311846,0.2753308704852767,0.33090601053825947,0.0,0.5997132737392478,2.989795918367347,2017.0,10.0,26.0
2017-11-05,13.642857142857142,0.5979548826906947,0.5691675910345714,0.4295036314612575,0.4839160313401587,0.4632014860844569,0.5505933357028362,0.3712894248608535,0.4069450475225551,0.49959968136253907,0.3158423299020839,0.40585510670376296,0.0,0.569640748861528,3.0816326530612246,2017.0,10.714285714285714,10.857142857142858
2017-11-12,13.642857142857142,0.6110183498357946,0.548326424074927,0.5569735266179325,0.5545684652754416,0.5625158893896,0.5865172943273819,0.5061069882498455,0.46671812933211115,0.5293317644077643,0.420071016104157,0.4733279450394019,0.0,0.6158205430932703,3.1530612244897958,2017.0,11.0,9.0
2017-11-19,13.642857142857142,0.6067265834528904,0.5540173577491798,0.4562749644523898,0.49082114891131917,0.5050534820917674,0.5252092163360834,0.4347557204700062,0.4756879110982455,0.4780175196688543,0.3611957964205014,0.32726891213454157,0.0,0.5844830494181144,3.122448979591837,2017.0,11.0,16.0
2017-11-26,13.297029702970297,0.644892338097275,0.5963493804470268,0.43108950964480663,0.5705745359636251,0.5063814506243922,0.5280600752303494,0.43973147314731476,0.4859248336181136,0.558675185925567,0.3858602028919939,0.41313445891428446,0.0,0.6347434743474347,3.277227722772277,2017.0,11.0,23.059405940594058
2017-12-03,12.866666666666667,0.6376199794986488,0.6106046149459323,0.5102272883712605,0.5538712072482028,0.5451725628332397,0.5157070414040194,0.4644300144300144,0.4752185823107809,0.5597956982145609,0.40184115825592104,0.446023283647046,0.0,0.6296103896103896,3.1619047619047618,2017.0,11.428571428571429,17.142857142857142
2017-12-10,12.614678899082568,0.6476500751981461,0.6446994859962504,0.40867461826746343,0.5260725184754522,0.4327802045501054,0.533597357151473,0.47126077286627743,0.5036690018146197,0.544609720613996,0.391722158623692,0.41426245659146016,0.0,0.5995299112897111,2.6513761467889907,2017.0,12.0,7.055045871559633
2017-12-17,12.4375,0.5967855529988603,0.5992200009322016,0.3897751208028745,0.5039491310981283,0.3915365424088277,0.5237218381535859,0.43164908008658015,0.4098946020488574,0.4837403407965128,0.3313300276173738,0.33184637145033186,0.0,0.5428571428571428,2.3839285714285716,2017.0,12.0,14.0
2017-12-24,12.88888888888889,0.597015559080891,0.6336869325123586,0.3991717382870895,0.5554620482987246,0.45283409984104506,0.5273769620847475,0.4521497021497022,0.5034753793619042,0.5346929743601033,0.4077779279888243,0.36130476953020746,0.0,0.5522638977184432,2.3504273504273505,2017.0,12.0,21.042735042735043
2017-12-31,13.058823529411764,0.6396004134003443,0.6598183723051634,0.4080379766824336,0.5252652767280396,0.4316158830415641,0.516533976432178,0.4410491469314999,0.4761639880538504,0.5353708751184246,0.4236534684172439,0.40434056333881613,0.0,0.6233766233766233,2.5294117647058822,2017.0,12.0,28.0
2018-01-07,13.058823529411764,0.6086959546727015,0.6612624782755111,0.43685088953187523,0.5458032131842058,0.47471070888944267,0.5467362135877961,0.46785077667430613,0.49772864228433694,0.5461557716012897,0.3851811374813546,0.41566878084059217,0.0,0.5983609972914786,2.3529411764705883,2018.0,1.0,4.0
2018-01-14,13.058823529411764,0.6314222211540043,0.685078292026161,0.4609482995279638,0.5670550585433445,0.5028423451841325,0.5781526488202493,0.521804176215941,0.5230479898815319,0.5367067770242632,0.3834679741844014,0.4211216855363623,0.0,0.6278352663379401,2.46218487394958,2018.0,1.0,11.0
2018-01-21,13.058823529411764,0.6049250047753559,0.6870481725624382,0.4685329465697814,0.5382063218619045,0.5443471623022486,0.5918963992287903,0.46555895085306853,0.5199058346742953,0.5515054843019038,0.3623931119020543,0.3842569777339725,0.0,0.5893048128342245,2.1512605042016806,2018.0,1.0,18.0
2018-01-28,13.058823529411764,0.5963913489526474,0.6474629925669024,0.43981478107288013,0.5104214126390333,0.5253207886616227,0.5896455918362388,0.4088044308632544,0.4675387885650715,0.539934142866578,0.3302713000841813,0.3940491657439823,0.0,0.5749427043544689,2.100840336134454,2018.0,1.0,25.0
2018-02-04,13.058823529411764,0.5891182605813663,0.7049267657316266,0.5072311665342633,0.5453826229632255,0.5641906194734535,0.5677634170622885,0.4552457346574994,0.4958115633960441,0.5316684232638964,0.33038944927707464,0.36784066254072073,0.0,0.5894992707826932,2.1176470588235294,2018.0,1.5714285714285714,14.285714285714286
2018-02-11,13.058823529411764,0.5899784571362792,0.6907294009266535,0.45730174116480937,0.49687027715488397,0.5638731735666375,0.5262383056065407,0.4726572447160683,0.4808888094244791,0.4491727342809523,0.28544845003027575,0.31153238142172324,0.0,0.582762691853601,2.596638655462185,2018.0,2.0,8.0
2018-02-18,13.058823529411764,0.5559886757653535,0.6202444819475464,0.3555770964066459,0.4407513461232371,0.4693802115709033,0.48100639030307507,0.43258212375859434,0.5097873664832364,0.5100198193008133,0.226669226565846,0.28844713818505313,0.0,0.5288006111535523,2.3865546218487395,2018.0,2.0,15.0
2018-02-25,13.058823529411764,0.5914218163556254,0.6913816194372729,0.4916148593001815,0.4903515977894154,0.5517636003800704,0.5143161415457626,0.4538451744334097,0.5319016495487084,0.49506793008465516,0.31102775029168084,0.3389505078497507,0.0,0.5819015209389541,2.9243697478991595,2018.0,2.0,22.0
2018-03-04,13.058823529411764,0.5044483546843395,0.6525159119382438,0.40713666212365257,0.4685256233256523,0.5334409808460921,0.5279945254070513,0.4596702317290553,0.5301799206680309,0.5404458593423499,0.28983473881644045,0.3268606757249739,0.0,0.5202305715674699,2.3529411764705883,2018.0,2.5714285714285716,13.0
2018-03-11,13.058823529411764,0.5249804874531477,0.6652388500310304,0.3762441663569157,0.4514505984733045,0.5135515125463701,0.5058491490490323,0.45677361853832443,0.5289051790929138,0.5741925064061685,0.2653040126419636,0.27620370311109976,0.0,0.5186332384193346,2.176470588235294,2018.0,3.0,8.0
2018-03-18,13.058823529411764,0.4801844868611301,0.5968560616323914,0.39231963383792373,0.47681547221649806,0.5088247182899177,0.47618488436195006,0.4375795772854597,0.5145254319221779,0.4844217853576937,0.2706650322694983,0.2710452040679181,0.0,0.48597819293006456,2.596638655462185,2018.0,3.0,15.0
2018-03-25,13.058823529411764,0.5175808995884971,0.6703383794789219,0.3579676449938171,0.4530025607533975,0.49401006130596875,0.4686440143621294,0.4512350394703336,0.5110323089046493,0.5012423832223597,0.22593079411026273,0.2453871114325395,0.0,0.5034794082922425,2.2184873949579833,2018.0,3.0,22.0
2018-04-01,13.058823529411764,0.51508632957925,0.6398408741663408,0.39106848290053225,0.44053120075850094,0.4783795559895218,0.4608636598440573,0.45435446906035143,0.5129560098270988,0.4999586519767408,0.23294590243830396,0.26482428462626484,0.0,0.4869365928189457,2.2521008403361344,2018.0,3.142857142857143,24.571428571428573
2018-04-08,13.058823529411764,0.425356443947442,0.5799943422785974,0.35248687506225385,0.41492835738098316,0.45189011554351644,0.4570527322927518,0.4152979373567609,0.44655356232327453,0.5309707794352138,0.20605219240596062,0.25156323001401626,0.0,0.42434891311896655,2.0588235294117645,2018.0,4.0,5.0
2018-04-15,13.296,0.35563209393346373,0.45268063872255493,0.34979820757444346,0.40286681799575785,0.42702061514717227,0.45152281957733864,0.4557878787878788,0.44037509850275813,0.4484681328842216,0.24527240773286468,0.2826199543031226,0.0,0.3718479338842975,2.192,2018.0,4.0,12.024
2018-04-22,13.333333333333334,0.40241846650848606,0.5358591425208192,0.35197345778438577,0.38454895720552706,0.4340572520486532,0.46097141502249217,0.421957671957672,0.4676848412072999,0.4507853688555095,0.24812397132256533,0.29653404900929653,0.0,0.4309458218549127,2.4603174603174605,2018.0,4.0,19.0
2018-04-29,13.333333333333334,0.41548329904494286,0.5706173123837796,0.35758339184184806,0.42431950639073035,0.42868575301603634,0.45601621938787207,0.3877765752765753,0.4997936132687906,0.5129591364978723,0.280079225597679,0.30826049637930825,0.0,0.4198215925488652,2.1031746031746033,2018.0,4.0,26.0
2018-05-06,13.333333333333334,0.38067221971331555,0.5409854893387828,0.3105861405948136,0.4212604378384158,0.38553644120836267,0.45995142050762605,0.36613155363155364,0.4614744768409072,0.5094225392422341,0.27037130024827744,0.32971264159382974,0.0,0.38997769906860813,1.9761904761904763,2018.0,4.857142857142857,7.285714285714286
2018-05-13,13.333333333333334,0.4170214977455682,0.555085494456752,0.34826332961632184,0.4155625608757005,0.4013009655165977,0.44746891666420807,0.4139309764309764,0.49582223222885163,0.5187407679977524,0.28899210533656927,0.34481195372284484,0.0,0.4475534566443657,2.2142857142857144,2018.0,5.0,10.0
2018-05-20,13.333333333333334,0.39911626751157075,0.5458796996970651,0.3072936026101681,0.39486969572929465,0.37373331723458497,0.4642510224529911,0.40328884078884075,0.4879232491525636,0.5176641160393886,0.2918933244065054,0.3117965642718118,0.0,0.4113341204250295,2.0317460317460316,2018.0,5.0,17.0
2018-05-27,13.333333333333334,0.424334960538483,0.5164503106119873,0.3218748422564554,0.38216649862167673,0.36081407170592483,0.45370306632095014,0.38173400673400676,0.457209151062579,0.5298244124279393,0.30359583786648814,0.3125581788948125,0.0,0.4348419257510166,2.1904761904761907,2018.0,5.0,24.0
2018-06-03,13.333333333333334,0.3998826787476493,0.5276790740862597,0.2899337821280579,0.3980593018660969,0.3779350322179117,0.44247820970475327,0.37439874939874945,0.4507986541083468,0.5479770579830021,0.2939576533601138,0.3408285883533408,0.0,0.43047356683720317,2.111111111111111,2018.0,5.428571428571429,17.714285714285715
2018-06-10,13.333333333333334,0.3484954923311087,0.4873622717934095,0.27057319988803075,0.3550223597296868,0.3619704401316131,0.43856322272375126,0.37593193843193845,0.47877969154564903,0.4781183855881696,0.3126900437972494,0.3358901824248359,0.0,0.375941230486685,1.992063492063492,2018.0,6.0,7.0
2018-06-17,13.333333333333334,0.44369296717633305,0.533237554195638,0.3059972374803251,0.3537940660331164,0.3781199345084253,0.46784422219818367,0.37148268398268397,0.42963463294432563,0.40963671645264665,0.3052975144363545,0.33795742211583796,0.0,0.46305916305916306,2.2936507936507935,2018.0,6.0,14.0
2018-06-24,13.333333333333334,0.35070990110129047,0.48622915950760265,0.29848749753346454,0.38668569798328295,0.3614034842124358,0.48411332592512457,0.4313672438672439,0.4509424994058564,0.49591721416567863,0.2660892124864005,0.33265029799683266,0.0,0.41429883248065064,2.1031746031746033,2018.0,6.0,21.0
2018-07-01,13.333333333333334,0.28009254281269935,0.36429141107284824,0.3019773583520331,0.3664706830895943,0.34420319653480275,0.4685713848651825,0.40007215007215013,0.44708682001826217,0.3841183876848628,0.24087092364772503,0.36164605471536165,0.0,0.3173160173160173,2.0,2018.0,6.142857142857143,23.714285714285715
2018-07-08,13.333333333333334,0.2959577930223722,0.4090814098299128,0.3338817072555147,0.35966205532312784,0.36883544804391455,0.4386025583451066,0.3715127465127465,0.4586726206111549,0.3713421876687183,0.25099729405529053,0.37272573411187276,0.0,0.3126984126984127,2.1984126984126986,2018.0,7.0,5.0
2018-07-15,13.333333333333334,0.2479426965728335,0.30655203634245554,0.3347994878784124,0.3406425520629369,0.35209420800866065,0.43061469556960696,0.36856661856661854,0.46884498480243164,0.3402419374283848,0.2718498061204564,0.3642210374883642,0.0,0.2815033451397087,2.0873015873015874,2018.0,7.0,12.0
2018-07-22,13.333333333333334,0.21982920319515226,0.2780173779425277,0.3240614545905092,0.3355152601980273,0.33861383944065016,0.447254209730977,0.3517917267917268,0.44205536167711107,0.3096768681274328,0.26494546266075264,0.36979412226936975,0.0,0.25062311425947786,2.1587301587301586,2018.0,7.0,19.0
2018-07-29,13.333333333333334,0.24077021043752939,0.37121696777385405,0.33757347981112074,0.3393421968943868,0.34273185259846045,0.4209441423250192,0.2923280423280423,0.42709232366442773,0.29401090070794844,0.2283315200714146,0.39216504067989216,0.0,0.25917617735799553,2.4365079365079363,2018.0,7.0,26.0
2018-08-05,13.333333333333334,0.3310239445268799,0.5163727794715819,0.31834138685829927,0.3786145177876656,0.35177514948212774,0.39142221216978557,0.2846019721019721,0.3906275407457441,0.3152671763727837,0.22593243507127514,0.4044717658579045,0.0,0.34445756263938077,2.4285714285714284,2018.0,7.714285714285714,10.857142857142858
2018-08-12,13.333333333333334,0.2600141215601098,0.3319746343698439,0.3551535676427264,0.3629243135997127,0.35743887579407363,0.4039910358489555,0.322991822991823,0.38771623700701713,0.28650264235760564,0.24866794989817836,0.43067493562543063,0.0,0.2838646202282566,2.142857142857143,2018.0,8.0,9.0
2018-08-19,13.333333333333334,0.2473381695495198,0.3255054299215976,0.3705768710105224,0.3406289667034653,0.3754624744592774,0.4403814025552856,0.37382756132756134,0.42616983751735527,0.2679982765181893,0.25758082963706863,0.42845053736142846,0.0,0.2793913157549521,2.238095238095238,2018.0,8.0,16.0
2018-08-26,13.333333333333334,0.2529515494290445,0.3070227067233055,0.3715749574379236,0.34752265063357984,0.3791593536935836,0.4399754807960217,0.3721741221741222,0.4799773600010007,0.2867442862489425,0.23789996373476163,0.4282027103809282,0.0,0.2904237176964449,2.3253968253968256,2018.0,8.0,23.0
2018-09-02,13.333333333333334,0.2636215708622753,0.388143432305109,0.4091374238815696,0.38381918713478275,0.4194692196015093,0.42375226862732873,0.35990860990860996,0.4473901459717063,0.3231255824875797,0.29118196780762684,0.458981612446959,0.0,0.296169487078578,2.5238095238095237,2018.0,8.285714285714286,21.142857142857142
2018-09-09,13.333333333333334,0.2869478314683793,0.4011919689314899,0.38414855197162223,0.39331446740370196,0.4135091829943555,0.4304868548002022,0.3327020202020202,0.4268108872127785,0.3600210927335952,0.29239545847630205,0.4514138227009514,0.0,0.2740390922209104,2.5396825396825395,2018.0,9.0,6.0
2018-09-16,13.333333333333334,0.30880458962650736,0.4324307733738872,0.4014028276820991,0.40801737035875396,0.4381227692880212,0.4422197965255718,0.3586459836459837,0.3768527899733574,0.3839475071890368,0.3087287639132982,0.4696623508504697,0.0,0.31125541125541123,2.5,2018.0,9.0,13.0
2018-09-23,13.333333333333334,0.3259619267447056,0.40192798164355054,0.37067553242748386,0.41708914181284223,0.4189506765848955,0.5003097680181728,0.35572991822991823,0.37323164096213746,0.39436649987472255,0.2887828828074874,0.41983099408841984,0.0,0.3352092352092352,2.5476190476190474,2018.0,9.0,20.0
2018-09-30,13.333333333333334,0.3488915411615998,0.4252893785079414,0.42959934286907403,0.44758768315870245,0.48073691437157423,0.48751421818813556,0.37253487253487255,0.3817716737338487,0.3741669575828482,0.3688314224342344,0.4267882832239268,0.0,0.33036862127771216,2.2777777777777777,2018.0,9.0,27.0
2018-10-07,13.333333333333334,0.4226044123304397,0.5857782298650562,0.45376450666997065,0.46583075359170334,0.48487563425277014,0.523016255445525,0.396494708994709,0.42299585975708914,0.4411217098952387,0.373225095544955,0.46485088069246483,0.0,0.436284927194018,1.8968253968253967,2018.0,10.0,4.0
2018-10-14,13.333333333333334,0.4733028441443314,0.6268927346771658,0.4373064056498575,0.5038071493249554,0.5017667792995761,0.5181282581640535,0.3965848965848966,0.45930428909152315,0.46242673367698134,0.4068262337155132,0.45804470556945803,0.0,0.46371507280598184,1.8095238095238095,2018.0,10.0,11.0
2018-10-21,13.333333333333334,0.5250269408782129,0.5984538858790357,0.5181422284631305,0.5116370417230016,0.5758980155959541,0.49871449004098545,0.4463083213083214,0.46554279710308083,0.4542758388607408,0.4119312634251123,0.4723098683494723,0.0,0.5146136691591237,2.3253968253968256,2018.0,10.0,18.0
2018-10-28,13.333333333333334,0.5840913815473503,0.687796568036089,0.6124648375298852,0.5502546073565313,0.64478228484402,0.5141253123630765,0.4990680615680616,0.5317929378213067,0.4639803833384178,0.45141852874717553,0.46176815483746175,0.0,0.5967204512659058,2.1984126984126986,2018.0,10.0,25.0
2018-11-04,13.333333333333334,0.4767203333739537,0.5689311243203459,0.5696824937935085,0.4909545132631503,0.5796424328008497,0.49191270551496324,0.46136964886964893,0.4560458803957622,0.4237207288524903,0.4207186096465534,0.40340792320990343,0.0,0.523153614062705,2.5,2018.0,10.571428571428571,14.285714285714286
2018-11-11,13.333333333333334,0.6403404705753042,0.7190541079014133,0.5977780531119646,0.5501426758078417,0.6304159018302993,0.4716564995012023,0.48764430014430016,0.5706593117940637,0.4893404117695776,0.44900549557843056,0.4328147100424328,0.0,0.6420175783812148,2.8174603174603177,2018.0,11.0,8.0
2018-11-18,13.333333333333334,0.6106368082884717,0.7177478071939151,0.5770660389047205,0.5452797077848245,0.6014731521290886,0.4795591350970988,0.4866221741221742,0.5558557544373148,0.4884519380259424,0.45353865037520574,0.4567813924249568,0.0,0.6443526170798898,2.6984126984126986,2018.0,11.0,15.0
2018-11-25,13.333333333333334,0.5822377774432569,0.6757439029145617,0.5382508019108193,0.5057445397191612,0.5613709367430015,0.4818569909779381,0.4902597402597403,0.5318523521833215,0.44321630640235754,0.41353530281474044,0.45065220807795064,0.0,0.614311950675587,2.9523809523809526,2018.0,11.0,22.0
2018-12-02,13.333333333333334,0.6152956089355307,0.7493939166843359,0.5764052368562342,0.5390221730786612,0.6111533994898564,0.4811697102603689,0.5293109668109669,0.5728232454000777,0.4819165453205477,0.41419086673919714,0.42811808653392813,0.0,0.6539420175783812,2.7142857142857144,2018.0,11.285714285714286,20.428571428571427
2018-12-09,13.333333333333334,0.6726659402784647,0.7591325285936065,0.6042736454705232,0.5749852776050076,0.6153886535321879,0.5152720549911985,0.5493626743626744,0.5505428596445145,0.4577825582382745,0.4327558791530672,0.4386174881224386,0.0,0.6571559753377935,2.6587301587301586,2018.0,12.0,6.0
2018-12-16,13.333333333333334,0.6369140209649016,0.7544658850796576,0.5226600035793445,0.5358576703234912,0.5702841604065284,0.5151857351554466,0.5079064454064455,0.536724329868538,0.4546113097727918,0.42938042235054535,0.4151283260194151,0.0,0.6522497704315886,2.2936507936507935,2018.0,12.0,13.0
2018-12-23,13.333333333333334,0.5876982334907971,0.6430949151757535,0.5780159418494197,0.5537841428140242,0.5885845292195198,0.5333866549533925,0.5229978354978355,0.55398576556969,0.4333225353633517,0.4265349959550311,0.4276103434519276,0.0,0.5647907647907647,2.4047619047619047,2018.0,12.0,20.0
2018-12-30,13.333333333333334,0.688234303204949,0.7741517879990935,0.5567096646888495,0.576187581918241,0.6047593966235791,0.5093657021790841,0.5606060606060607,0.61694935394699,0.4728357670699656,0.44646692889223644,0.4349121725359349,0.0,0.6874721238357602,2.5793650793650795,2018.0,12.0,27.0
2019-01-06,13.333333333333334,0.746860879933287,0.7994575561940832,0.6298797248493693,0.6292062192594327,0.6802065306089118,0.5237767441250609,0.5689935064935066,0.7106301674859595,0.5003396642984517,0.4775713448824169,0.43176900107593175,0.0,0.7644628099173554,2.880952380952381,2018.857142857143,2.5714285714285716,7.428571428571429
2019-01-13,13.333333333333334,0.7336974832082465,0.7959584494015631,0.5579578463359903,0.5787472408430248,0.6017531303607812,0.5444683736141022,0.501984126984127,0.6548776064142496,0.5229545971570937,0.4149161715066812,0.4185072353389185,0.0,0.7360225632952906,2.8333333333333335,2019.0,1.0,10.0
2019-01-20,13.333333333333334,0.7251200093665847,0.7947737004623232,0.5484152223094113,0.5480384217592569,0.5826317837121497,0.5645328184737559,0.537878787878788,0.6916175716412124,0.5251697535232308,0.3816358412140486,0.42916379550042916,0.0,0.7168437622983078,2.6984126984126986,2019.0,1.0,17.0
2019-01-27,13.333333333333334,0.5833942639226397,0.665017644808064,0.509627518734197,0.4997023034272319,0.5266810505483198,0.5332730187139217,0.48220298220298224,0.5635420966390234,0.4017064985957397,0.31741847295450104,0.39046651917939046,0.0,0.5971664698937426,2.3095238095238093,2019.0,1.0,24.0
2019-02-03,13.333333333333334,0.5972105737272078,0.6936263309766304,0.46103103475176327,0.5216081049073273,0.49159015386553695,0.5078256033374088,0.5205928330928331,0.5755187811925402,0.4860428375387757,0.3144196167043267,0.37404949286137407,0.0,0.5950150859241767,2.4206349206349205,2019.0,1.4285714285714286,17.714285714285715
2019-02-10,13.333333333333334,0.5862974272954703,0.7283176321349975,0.4900604358540178,0.49484110740762405,0.5174423521904505,0.5212587180302468,0.5102513227513228,0.5483038763180608,0.46722396771931146,0.29324629676123526,0.39916464173889915,0.0,0.593978748524203,2.1666666666666665,2019.0,2.0,7.0
2019-02-17,13.328125,0.5768313450248381,0.6807001981613696,0.5118463609424689,0.5226827926729432,0.5304645298203065,0.5407995671852411,0.4599609375,0.5167885638297873,0.4786739028135526,0.2606271968365554,0.36279631568926124,0.0,0.579610020661157,2.4375,2019.0,2.0,14.0390625
2019-02-24,13.31578947368421,0.491540645984976,0.6477711147975882,0.5089697357009175,0.45910295405092577,0.5068580391558767,0.5139012603443626,0.43554910002278424,0.5330732268022302,0.4636328288523965,0.27601516973452966,0.3811738027475391,0.0,0.5042067979867022,2.210526315789474,2019.0,2.0,21.0
2019-03-03,13.31578947368421,0.4281933948222958,0.5665033438040056,0.44397202894486865,0.4323595055438993,0.4713127764842599,0.4990536160046291,0.42814422419685577,0.4976685211847587,0.45482588976900346,0.2960476763085218,0.42207766178584316,0.0,0.43979369912384264,1.8646616541353382,2019.0,2.4285714285714284,16.0
2019-03-10,13.31578947368421,0.4446135284017661,0.6501884894179253,0.4600225629120503,0.39548653944241774,0.4631886186638462,0.5109107179734287,0.4304796081111871,0.49707306090284825,0.47038489824720314,0.29702551633917834,0.4417880191720734,0.0,0.45901944945007145,1.7969924812030076,2019.0,3.0,7.0
2019-03-17,13.31578947368421,0.45792733376418615,0.6422875763799181,0.4126187106969505,0.42465213008332997,0.47592744400964926,0.4597935604482396,0.4109990886306676,0.49113327052856737,0.5138942064890778,0.2882249560632689,0.4139060522593613,0.0,0.4628720561734916,1.887218045112782,2019.0,3.0,14.0
2019-03-24,13.31578947368421,0.4114608740728835,0.5739049662387198,0.3901862201035981,0.4004007712131891,0.4457486456743777,0.44247657072053015,0.4011733880154933,0.5150938812752923,0.512623444881274,0.3035929014099396,0.41863607991799756,0.0,0.4223948300503324,2.0150375939849625,2019.0,3.0,21.0
2019-03-31,13.31578947368421,0.47586639336562087,0.6627882176653056,0.420185328890309,0.4178358858109812,0.4657562216642919,0.44349929687576817,0.42743221690590116,0.5370222245922135,0.4615998089140028,0.32192079495751685,0.42664734952384775,0.0,0.48659665693158516,1.9473684210526316,2019.0,3.0,28.0
2019-04-07,13.31578947368421,0.42038711108646215,0.5651416946327127,0.39444448067262694,0.43141493446338663,0.4569236452392142,0.41845078725587964,0.40151515151515155,0.5018426681360613,0.44797897259495084,0.30125401376904476,0.40248183291434986,0.0,0.43730814639905546,2.112781954887218,2019.0,4.0,4.0
2019-04-14,13.31578947368421,0.3754859827575864,0.5504143534792763,0.39151217158246876,0.37310082037229425,0.4482980132505224,0.39806044332280405,0.40798017771701983,0.4558204020690023,0.45223818412685174,0.2767419427302879,0.4005921124211901,0.0,0.4067234201205493,2.225563909774436,2019.0,4.0,11.0
2019-04-21,13.31578947368421,0.3491583089893935,0.5047128126627024,0.35648966301269214,0.38006283524089507,0.4235298863408107,0.38400986288948075,0.4096320346320347,0.48238207812675904,0.49764395136841505,0.2602904449172139,0.38727817258301883,0.0,0.37166469893742615,2.0150375939849625,2019.0,4.0,18.0
2019-04-28,13.31578947368421,0.40839642384600666,0.5678883701653951,0.3743813132136499,0.40071217749654536,0.44856822908334665,0.4246456300453756,0.42515379357484623,0.468224343364321,0.4985268799102968,0.2610304319674405,0.36630227510894525,0.0,0.41705089169204,2.2030075187969924,2019.0,4.0,25.0
2019-05-05,13.31578947368421,0.3805181326038262,0.5537968308611234,0.3696165826535115,0.36407479458516795,0.4138648351669605,0.4409466220793947,0.42259056732740946,0.5078979955799665,0.48676277577240107,0.2499438402685096,0.3683981469286316,0.0,0.4105760268439694,1.9849624060150375,2019.0,4.714285714285714,10.571428571428571
2019-05-12,13.31578947368421,0.44368032832344295,0.675911768135216,0.36953398239745067,0.3526520875552481,0.37690411675755364,0.4408053243868947,0.42119503303713834,0.5380709456857274,0.5024796983542669,0.2794508238962961,0.4220375768056852,0.0,0.47569750823339335,1.887218045112782,2019.0,5.0,9.0
2019-05-19,13.31578947368421,0.3631014160419866,0.5645074801236163,0.3263775222966349,0.31690303793197133,0.35803957031814454,0.39741037042251104,0.404334700387332,0.5134556248777974,0.4991769099785326,0.2631182525734371,0.40288840914166607,0.0,0.40297023550612066,1.9022556390977443,2019.0,5.0,16.0
2019-05-26,13.31578947368421,0.31938192613854366,0.5235815240542628,0.3461668046960419,0.3334903887934028,0.3834473185499301,0.4086469012070341,0.38932558669400774,0.47886560372562614,0.4970420900676498,0.2600658059912523,0.3728533061518992,0.0,0.37677250978686383,1.9924812030075187,2019.0,5.0,23.0
2019-06-02,13.31578947368421,0.3574275142922789,0.5293972494571296,0.38236093268731236,0.3580036311147758,0.4275099058416629,0.42842029697358963,0.4129642287537025,0.5159470780971341,0.5394231566632055,0.30352683113759793,0.39707608701876546,0.0,0.40165289256198344,1.8721804511278195,2019.0,5.285714285714286,21.142857142857142
2019-06-09,13.31578947368421,0.3164244345622448,0.45782423008234546,0.3052992411644897,0.33369267697207894,0.34943935740575116,0.4120240713299735,0.3560606060606061,0.4671578473370187,0.5776145336592919,0.29195131942333863,0.36267172119178376,0.0,0.3726340645000932,1.894736842105263,2019.0,6.0,6.0
2019-06-16,13.159420289855072,0.30630531866386534,0.4405991528648389,0.3470027778825244,0.36433018001474465,0.4015762394039081,0.439623669269516,0.3346508563899868,0.47751852993912824,0.49805499799469527,0.3001451822419195,0.33128028521915737,0.0,0.365061684034016,1.9275362318840579,2019.0,6.0,13.03623188405797
2019-06-23,13.1,0.2824552160168598,0.4008185551972977,0.30844587618221614,0.33646091935080885,0.3548280496191421,0.4188678224783407,0.3539231601731602,0.4358803332207588,0.4289884608489721,0.31695957820738135,0.33040474377108037,0.0,0.3179220779220779,2.1142857142857143,2019.0,6.0,20.0
2019-06-30,13.1,0.2814826562869615,0.37397279616590995,0.327266344525668,0.366387664729867,0.37783386091731364,0.4148673897865058,0.3451569264069264,0.4177051671732523,0.39023087737175316,0.3331031885513432,0.34953215101729956,0.0,0.31044864226682406,2.1,2019.0,6.0,27.0
2019-07-07,13.1,0.22941065783531533,0.3100237711390406,0.34531037046214846,0.32070745464114275,0.3715994456431012,0.39961795277758644,0.3535714285714286,0.41612912304401667,0.32192957626878765,0.34623399447652525,0.3534109454901534,0.0,0.2774380165289256,2.0714285714285716,2019.0,7.0,4.0
2019-07-14,13.1,0.25998741962538435,0.40440972450702994,0.3558212530458844,0.3166117345609773,0.36597818269629534,0.45462636076665114,0.34207251082251083,0.4081166272655634,0.30289752516818097,0.30817223198594024,0.3433032314220433,0.0,0.2997992916174734,2.1285714285714286,2019.0,7.0,11.0
2019-07-21,13.1,0.2528101546203307,0.34016198372485795,0.35740304794944866,0.2964366783441692,0.37754723320261846,0.44523006421540173,0.3634199134199134,0.4150512214342002,0.3260329096964722,0.2983680642731609,0.3584920030464585,0.0,0.2814285714285714,2.2285714285714286,2019.0,7.0,18.0
2019-07-28,13.1,0.2044762478226274,0.21381358162795286,0.3210403502250857,0.27721850396840164,0.337776587870293,0.42501204653403996,0.3385551948051948,0.41851288978948553,0.35058544915885914,0.2887647501883003,0.33567620498313566,0.0,0.2428571428571428,2.3714285714285714,2019.0,7.0,25.0
2019-08-04,13.1,0.20206232124040338,0.2186521188392446,0.30525131127906496,0.24268011971655032,0.31788929660718873,0.4208100187827591,0.36617965367965366,0.4123184734886863,0.30684376385783163,0.27088877730354005,0.3539005548906539,0.0,0.24434474616292795,2.15,2019.0,7.571428571428571,14.285714285714286
2019-08-11,13.1,0.18562073933893888,0.22792272597661817,0.3517903605501177,0.27638840897129885,0.34444173215532486,0.41789918280246624,0.3868777056277056,0.4086710570753124,0.2825554077386849,0.26993472257092643,0.3539331955173539,0.0,0.25821723730814633,2.1142857142857143,2019.0,8.0,8.0
2019-08-18,13.1,0.19863712608330997,0.26043503652036587,0.33647007805724194,0.25730898246248224,0.33391105091579126,0.43288457945303804,0.40073051948051946,0.41561127997298214,0.2865492937813128,0.2729349736379613,0.3569252529648569,0.0,0.2668358913813459,2.0714285714285716,2019.0,8.0,15.0
2019-08-25,13.1,0.22052267693167882,0.31346619946919346,0.3321418246396564,0.2626683181738442,0.33749835950254864,0.43913156781952806,0.4020292207792208,0.42611730271304743,0.3098974402521064,0.3098669344715039,0.375981938853226,0.0,0.2691263282172373,2.0,2019.0,8.0,22.0
2019-09-01,13.465753424657533,0.20568308591389842,0.24757926191873367,0.3289354354532745,0.25310249275001795,0.32999890765342305,0.4122503114182282,0.3781652137816522,0.4136765007502402,0.33343240208704844,0.2956159568577413,0.34969587580465106,0.0,0.26232310653232194,1.952054794520548,2019.0,8.143835616438356,24.561643835616437
2019-09-08,13.227272727272727,0.2141337136444768,0.2263635815282522,0.3212492913273486,0.26760964633550505,0.3257219023948161,0.3936887783518195,0.37295848091302636,0.3947811447811448,0.31972531794208037,0.29426197703877843,0.3510796134558511,0.0,0.2641300847912418,1.9545454545454546,2019.0,9.0,5.0
2019-09-15,13.227272727272727,0.2317887591860194,0.28046554244159033,0.3143709427317406,0.27381657155035644,0.3216319931125355,0.3652786258279477,0.35662632821723733,0.4041862392926223,0.3271052967902581,0.3144956976239929,0.36972928062036975,0.0,0.24658151765589778,2.0,2019.0,9.0,12.0
2019-09-22,12.91875,0.22293344497967782,0.25252931636726544,0.3413414281584273,0.28669807985710566,0.3482584150957263,0.3718605871824877,0.38482481060606066,0.3853181639085895,0.3275254276467868,0.29338752196836554,0.3650847296268088,0.0,0.25619834710743794,2.175,2019.0,9.0,19.01875
2019-09-29,12.869565217391305,0.18660281265573525,0.20131917245299177,0.3210869475434504,0.27583159156954745,0.3279394918349446,0.37184433184385285,0.3579663090532656,0.3746653353498867,0.31134253134408196,0.2665895272298573,0.3500920087230892,0.0,0.2399774138904573,2.111801242236025,2019.0,9.0,26.0
2019-10-06,12.869565217391305,0.2575694959341687,0.32495079120306924,0.39860190088328407,0.3296360867415701,0.3972925344184924,0.4331305125987291,0.37932900432900435,0.418026127091807,0.38821742289148664,0.31448875110524077,0.3760484027380282,0.0,0.27754222062522454,2.2546583850931676,2019.0,9.857142857142858,7.285714285714286
2019-10-13,12.869565217391305,0.34544465149417075,0.39991064216526334,0.41208369919859794,0.36603989365205974,0.41705565001016826,0.4440679531410134,0.38772821381517036,0.40802901487452836,0.4516612168596559,0.3051446910238077,0.36103371445601323,0.0,0.3313484934038293,1.9316770186335404,2019.0,10.0,10.0
2019-10-20,12.869565217391305,0.40636386501272054,0.45159156126352173,0.3989358932230081,0.3710443394545266,0.4430105450605563,0.42820415358507835,0.4373941276115189,0.44479195728039395,0.4473842362127266,0.34033773974172843,0.40123372107874905,0.0,0.3896925209178173,2.062111801242236,2019.0,10.0,17.0
2019-10-27,12.869565217391305,0.42578747722115373,0.4434966664854715,0.38315744865765605,0.3704158945932247,0.43328464907505615,0.4401288327111606,0.41158479201957465,0.4609415150580738,0.4142891191331505,0.35879662478577434,0.4180034343615919,0.0,0.41217596632616393,2.198757763975155,2019.0,10.0,24.0
2019-11-03,12.869565217391305,0.5363708868345982,0.5605640129201702,0.4790294110781309,0.4178134417861055,0.5136383254897584,0.43543292913131976,0.45567476002258617,0.504525008687821,0.412832828964668,0.37922038227685056,0.4464149711674464,0.0,0.546409321903393,2.6149068322981366,2019.0,10.428571428571429,17.714285714285715
2019-11-10,12.869565217391305,0.5607453042150565,0.652425082944479,0.4643930048357063,0.42921535920165554,0.5125845269878093,0.45118599036191753,0.40918501788067,0.4998335854025031,0.47453399740165014,0.4081040072481962,0.47211591679951564,0.0,0.5602587136183974,2.3043478260869565,2019.0,11.0,7.0
2019-11-17,12.869565217391305,0.5596555660794579,0.6784028693687637,0.4684727392220133,0.48278872349419977,0.5407442506127758,0.46198618379055995,0.44278185582533414,0.5113455599117025,0.49400152028489136,0.4123612308834285,0.4628677392345064,0.0,0.5489451260202248,2.186335403726708,2019.0,11.0,14.0
2019-11-24,12.869565217391305,0.5662636521140733,0.6656690202967215,0.45115362031535344,0.4874212797115858,0.5435959201998131,0.4789060592676647,0.4273244871070958,0.5389287794468184,0.4629607978993322,0.39483020227270244,0.4497405306703628,0.0,0.5422308916380062,2.1925465838509317,2019.0,11.0,21.0
2019-12-01,12.869565217391305,0.5179103207691653,0.6044749964953038,0.44832186805866053,0.4676494197574837,0.5379633363940736,0.4685855893951164,0.38873988330510073,0.4956463004566613,0.44880565746168216,0.3954087480487725,0.43298500896434605,0.0,0.4909809558030902,2.099378881987578,2019.0,11.142857142857142,23.714285714285715
2019-12-08,12.869565217391305,0.5578692557336308,0.6544228790388644,0.49047493351577215,0.49197478916819015,0.5698952341238077,0.5144812807336263,0.4321710897797854,0.4976310392591614,0.450207798249252,0.4184305035531443,0.43578074959908797,0.0,0.5284328319901441,2.018633540372671,2019.0,12.0,5.0
2019-12-15,12.869565217391305,0.5177766163046518,0.5856932813779989,0.46877440972240925,0.429965378905563,0.4977090096462391,0.502713088970762,0.4370647468473556,0.4781385058905873,0.40770217512320006,0.38617384754773004,0.411891595275151,0.0,0.5240182742159026,2.459627329192547,2019.0,12.0,12.0
2019-12-22,12.869565217391305,0.5537445197531984,0.6216906845649361,0.3903634231700901,0.4066863389862554,0.4486638989905491,0.5088302056526142,0.42560700169395826,0.4411357306824467,0.4128422640840693,0.42472901134168045,0.4066880171055806,0.0,0.5055900621118012,2.1490683229813663,2019.0,12.0,19.0
2019-12-29,12.869565217391305,0.5974350247727257,0.6620472623792072,0.4095572087577819,0.43760009411649414,0.5050283101358435,0.5262464795687788,0.43078298513081126,0.4373865076917806,0.42376074834444416,0.43738060670894785,0.38281778488407847,0.0,0.569929675068015,2.3850931677018634,2019.0,12.0,26.0
2020-01-05,12.869565217391305,0.5504477229568696,0.6281313388512035,0.44668063688388737,0.4148471080788795,0.5115359780777045,0.5331148211062972,0.4709439111613025,0.4636775668228027,0.40526996543054294,0.45461690445261926,0.407028614949407,0.0,0.5222421846927775,2.4347826086956523,2019.7142857142858,4.142857142857143,10.857142857142858
2020-01-12,12.869565217391305,0.5221126614387909,0.6066082121471343,0.4345258296387675,0.4083853820813013,0.48649063187511077,0.5544851800908738,0.43275926971579154,0.453981469245114,0.4277981590030935,0.3678241220840747,0.38980477120812895,0.0,0.46981161131358756,2.1490683229813663,2020.0,1.0,9.0
2020-01-19,12.869565217391305,0.5622511156842817,0.6377908301886432,0.43565170704203093,0.4349927066650981,0.5237074991332467,0.5676634683671056,0.4292301900997553,0.4599993147634221,0.43178101005824754,0.3828881441779738,0.3618473648607097,0.0,0.5360813099943534,2.5217391304347827,2020.0,1.0,16.0
2020-01-26,12.935672514619883,0.5152964075098178,0.6351489553506572,0.5112318234151438,0.44056546680585296,0.5535187753187277,0.5254337859287626,0.41405280878965095,0.45446983626652654,0.4311765698728251,0.3476294720397949,0.3491980777025071,0.0,0.47366487844956745,2.2690058479532165,2020.0,1.0,23.058479532163744
2020-02-02,12.96,0.4621978021978022,0.5935656160207058,0.45872878205922435,0.4163120710644248,0.5173810836207484,0.5526013629792799,0.40086580086580087,0.42585612968591696,0.4457067376187646,0.3187948782324881,0.3335175715373735,0.0,0.45259976387249107,2.1714285714285713,2020.0,1.2857142857142858,21.142857142857142
2020-02-09,12.96,0.48527902625749986,0.5953576363756005,0.49284268781233226,0.44111763799033554,0.5562412922395283,0.5274155513379027,0.39632034632034635,0.440871327254306,0.4615596252370574,0.3225608837559628,0.31746708736807744,0.0,0.44175678866587953,2.28,2020.0,2.0,6.0
2020-02-16,12.96,0.5284376680071396,0.6991192340593538,0.5211927476975179,0.46002264620357136,0.5669607488017807,0.5297709683446586,0.4024242424242424,0.5132860520094563,0.49129383792351894,0.36529249309565653,0.3722119464693722,0.0,0.4880661157024793,2.04,2020.0,2.0,13.0
2020-02-23,12.96,0.48938388421754364,0.6533251080257069,0.5024953537355965,0.42752183551201156,0.5359837472636503,0.5227554602759392,0.39307359307359313,0.5245142406844535,0.48777227395812695,0.3350841074566909,0.33637689043629637,0.0,0.46372609208972837,2.0285714285714285,2020.0,2.0,20.0
2020-03-01,12.96,0.40826949958065417,0.5692374591476388,0.45223640193284603,0.40277984806842776,0.49699502863652345,0.4889622279695935,0.38017316017316016,0.48110097939885177,0.4788666534574995,0.37918152146623146,0.39593080187139595,0.0,0.3781818181818181,1.9142857142857144,2020.0,2.142857142857143,22.857142857142858
2020-03-08,12.96,0.32787681985333644,0.4572055888223553,0.3971122950481146,0.3461122422399541,0.4565872403420634,0.49845784696476503,0.35090909090909095,0.4683755488010808,0.43823299083849904,0.3754054732613608,0.39146121205527146,0.0,0.3381157024793388,2.0342857142857143,2020.0,3.0,5.0
2020-03-15,12.627777777777778,0.29304907421345777,0.41498456079294405,0.3275705888021586,0.3129295410097703,0.3866173030046914,0.4743160245672807,0.3304292929292929,0.46330443919096403,0.441182513998048,0.34752001562194884,0.39982652111364986,0.0,0.30264462809917353,2.1277777777777778,2020.0,3.0,12.027777777777779
2020-03-22,12.5,0.36040416004287745,0.5045416352417734,0.39562822260133623,0.3325612169247045,0.40894825235030285,0.4853750916255218,0.385947385947386,0.4832653556057812,0.4826226873978013,0.38743506054578114,0.38867035477850403,0.0,0.35330124421033504,2.0054945054945055,2020.0,3.0,19.0
2020-03-29,12.5,0.2838259888538377,0.30660139990517693,0.2820195127220279,0.2265626309834251,0.28629739422375294,0.46812150470854946,0.315975690975691,0.42588262801028764,0.4492042202563304,0.2997740396685915,0.30055321677560826,0.0,0.2811370447734084,2.17032967032967,2020.0,3.0,26.0
2020-04-05,12.5,0.28159071847917244,0.35126450395911474,0.2651229949582074,0.24163351997981553,0.28640036698685134,0.46713017140496993,0.3139568764568765,0.42833329003541776,0.4829910199436651,0.2769559087661021,0.2856975469313626,0.0,0.2753246753246753,2.197802197802198,2020.0,3.7142857142857144,10.857142857142858
2020-04-12,12.5,0.26047206594399125,0.3521699205140016,0.28503759900117226,0.23705663963543622,0.28709553409145516,0.47298096685444374,0.2929778554778555,0.4248846110548239,0.4856089026883558,0.2549778867880801,0.3063741285371141,0.0,0.2659703932431205,2.0604395604395602,2020.0,4.0,9.0
2020-04-19,12.5,0.25903206382658434,0.35195943700089255,0.2906655356785452,0.22660086536468035,0.2745887853373246,0.4499870268094952,0.2727688977688978,0.41050104347976696,0.44603547169427893,0.27597095347534717,0.30584267217930583,0.0,0.2747797656888566,2.010989010989011,2020.0,4.0,16.0
2020-04-26,12.5,0.1943043408495764,0.24264826222449437,0.30303333555718637,0.21980475521204135,0.26714264312103575,0.45703907161881957,0.2512695637695638,0.4045930428909153,0.4329398888542934,0.26505919388168947,0.2591582066067976,0.0,0.21414948687675958,1.901098901098901,2020.0,4.0,23.0
2020-05-03,12.5,0.18957863602602418,0.25614694111354636,0.27098284773913567,0.2057279601282876,0.25372973405163896,0.4165895713703243,0.25341325341325344,0.3928051853583769,0.47780243005129075,0.2846037969060816,0.25303181205694536,0.0,0.22308600490418667,1.945054945054945,2020.0,4.428571428571429,17.142857142857142
2020-05-10,12.5,0.1947720727263102,0.2882152010433908,0.3020611940820093,0.20783310017857703,0.2658772895791967,0.4141257998558197,0.2729145854145854,0.3847907411737199,0.5046957863482532,0.26991637536453,0.27088372404442473,0.0,0.2410135319226228,1.9725274725274726,2020.0,5.0,7.0
2020-05-17,12.5,0.23235149616302705,0.2960279778566282,0.3138221997718962,0.2181616991277245,0.29192374523650017,0.42529522518508533,0.26556776556776557,0.40205794993029037,0.49456682278160385,0.2647695011491145,0.3040097754492271,0.0,0.2498047407138316,1.5934065934065933,2020.0,5.0,14.0
2020-05-24,12.5,0.23957797433636657,0.3718604633505601,0.2894773627644399,0.2521939787596767,0.29695325803803363,0.3988957280758753,0.2808025308025308,0.4195221642030153,0.46829146680543554,0.321027829815176,0.3323276114593708,0.0,0.2716374534556352,1.5494505494505495,2020.0,5.0,21.0
2020-05-31,12.5,0.1984878737099119,0.3252342525430964,0.26729760554565407,0.22328633298752007,0.2581345454237087,0.38997751061494423,0.2709165834165834,0.3922228283930411,0.4259052815621074,0.25405087004384014,0.27553710569704476,0.0,0.24097720461356822,1.7472527472527473,2020.0,5.0,28.0
2020-06-07,12.5,0.18478676223670948,0.26216111732578795,0.2931673703573096,0.24371371567441974,0.2638192476688783,0.39430669832679877,0.2633824508824509,0.4033807012530417,0.4309487157713827,0.2745611155101489,0.29817630960052893,0.0,0.2245845064026882,1.620879120879121,2020.0,6.0,4.0
2020-06-14,12.5,0.22064372478342067,0.29349342312838395,0.2808408706066988,0.24396888416536391,0.2589762972851937,0.38995708635000975,0.281968031968032,0.4023263970072481,0.4064126877679483,0.31410417350663394,0.3118184176828503,0.0,0.2292798110979929,1.6593406593406594,2020.0,6.0,11.0
2020-06-21,12.5,0.19295987017648913,0.2526770212744418,0.26469093208035094,0.23213053831146344,0.23762418818090736,0.37907170959418485,0.2744130869130869,0.38729552559339797,0.4125850703025262,0.2826531991734101,0.29495827858356416,0.0,0.21024430115339202,1.6538461538461537,2020.0,6.0,18.0
2020-06-28,12.5,0.1929697955213535,0.21808085013405143,0.2666765151587354,0.21687767819572978,0.235731710321061,0.3723347279828314,0.28146853146853146,0.36301405450341623,0.39830247686399856,0.23377237876359142,0.3001347472025309,0.0,0.20326945781491232,1.8406593406593406,2020.0,6.0,25.0
2020-07-05,12.5,0.1942279708349255,0.2232925667402867,0.2918139969310828,0.2242170437012844,0.26567053642348537,0.3615345784066097,0.2867618492618493,0.37080479279060835,0.35885412168352526,0.20084719030237483,0.2877438631437108,0.0,0.2063148972239881,1.6794871794871795,2020.0,6.333333333333333,20.0
